,N_moves
0,4.0
1,1.0
2,3.0
3,20.0
4,12.0
5,1.0
6,3.0
7,1.0
8,0.0
9,6.0
10,1.0
11,3.0
12,1.0
13,6.0
14,1.0
15,2.0
16,1.0
17,1.0
18,1.0
19,1.0
20,1.0
21,12.0
22,3.0
23,16.0
24,2.0
25,1.0
26,1.0
27,1.0
28,3.0
29,0.0
30,5.0
31,7.0
32,17.0
33,25.0
34,8.0
35,15.0
36,7.0
37,1.0
38,3.0
39,1.0
40,7.0
41,8.0
42,7.0
43,1.0
44,1.0
45,8.0
46,13.0
47,4.0
48,11.0
49,2.0
50,7.0
51,1.0
52,8.0
53,9.0
54,7.0
55,19.0
56,12.0
57,7.0
58,1.0
59,1.0
60,4.0
61,1.0
62,3.0
63,2.0
64,18.0
65,19.0
66,12.0
67,7.0
68,3.0
69,3.0
70,40.0
71,1.0
72,4.0
73,1.0
74,3.0
75,1.0
76,15.0
77,6.0
78,1.0
79,13.0
80,1.0
81,5.0
82,8.0
83,1.0
84,6.0
85,29.0
86,20.0
87,2.0
88,3.0
89,9.0
90,8.0
91,1.0
92,6.0
93,5.0
94,6.0
95,5.0
96,26.0
97,12.0
98,19.0
99,4.0
100,10.0
101,1.0
102,7.0
103,1.0
104,19.0
105,8.0
106,1.0
107,4.0
108,19.0
109,2.0
110,12.0
111,31.0
112,5.0
113,1.0
114,10.0
115,1.0
116,9.0
117,4.0
118,8.0
119,27.0
120,2.0
121,1.0
122,11.0
123,2.0
124,1.0
125,10.0
126,25.0
127,1.0
128,12.0
129,2.0
130,25.0
131,4.0
132,1.0
133,1.0
134,15.0
135,1.0
136,1.0
137,37.0
138,11.0
139,20.0
140,4.0
141,3.0
142,3.0
143,17.0
144,5.0
145,15.0
146,18.0
147,22.0
148,21.0
149,9.0
150,37.0
151,3.0
152,10.0
153,2.0
154,5.0
155,8.0
156,1.0
157,1.0
158,7.0
159,1.0
160,5.0
161,5.0
162,3.0
163,2.0
164,11.0
165,6.0
166,2.0
167,1.0
168,1.0
169,1.0
170,20.0
171,2.0
172,9.0
173,8.0
174,1.0
175,7.0
176,20.0
177,2.0
178,12.0
179,4.0
180,6.0
181,11.0
182,2.0
183,4.0
184,4.0
185,13.0
186,15.0
187,1.0
188,2.0
189,3.0
190,3.0
191,1.0
192,2.0
193,6.0
194,3.0
195,1.0
196,0.0
197,11.0
198,41.0
199,1.0
200,6.0
201,7.0
202,7.0
203,17.0
204,7.0
205,2.0
206,1.0
207,3.0
208,1.0
209,1.0
210,5.0
211,12.0
212,8.0
213,1.0
214,10.0
215,4.0
216,1.0
217,4.0
218,2.0
219,1.0
220,1.0
221,8.0
222,1.0
223,2.0
224,1.0
225,1.0
226,14.0
227,17.0
228,1.0
229,8.0
230,7.0
231,1.0
232,1.0
233,7.0
234,9.0
235,4.0
236,30.0
237,11.0
238,3.0
239,6.0
240,18.0
241,3.0
242,11.0
243,41.0
244,6.0
245,6.0
246,25.0
247,12.0
248,1.0
249,19.0
250,14.0
251,9.0
252,28.0
253,7.0
254,2.0
255,3.0
256,47.0
257,2.0
258,7.0
259,5.0
260,2.0
261,3.0
262,5.0
263,1.0
264,3.0
265,1.0
266,6.0
267,3.0
268,1.0
269,11.0
270,5.0
271,13.0
272,31.0
273,1.0
274,12.0
275,46.0
276,3.0
277,19.0
278,3.0
279,1.0
280,12.0
281,1.0
282,14.0
283,19.0
284,2.0
285,10.0
286,1.0
287,26.0
288,11.0
289,11.0
290,8.0
291,14.0
292,14.0
293,1.0
294,13.0
295,29.0
296,1.0
297,8.0
298,30.0
299,3.0
300,4.0
301,18.0
302,23.0
303,2.0
304,14.0
305,5.0
306,4.0
307,31.0
308,3.0
309,18.0
310,35.0
311,13.0
312,11.0
313,1.0
314,18.0
315,8.0
316,43.0
317,2.0
318,16.0
319,3.0
320,1.0
321,17.0
322,18.0
323,23.0
324,41.0
325,7.0
326,11.0
327,14.0
328,9.0
329,1.0
330,3.0
331,5.0
332,5.0
333,1.0
334,0.0
335,10.0
336,2.0
337,4.0
338,22.0
339,5.0
340,5.0
341,13.0
342,1.0
343,0.0
344,10.0
345,10.0
346,1.0
347,1.0
348,21.0
349,15.0
350,0.0
351,13.0
352,6.0
353,10.0
354,1.0
355,3.0
356,12.0
357,5.0
358,15.0
359,3.0
360,9.0
361,33.0
362,1.0
363,1.0
364,32.0
365,1.0
366,5.0
367,1.0
368,10.0
369,5.0
370,1.0
371,2.0
372,3.0
373,4.0
374,3.0
375,6.0
376,3.0
377,1.0
378,4.0
379,2.0
380,10.0
381,12.0
382,5.0
383,11.0
384,1.0
385,1.0
386,1.0
387,1.0
388,34.0
389,8.0
390,22.0
391,13.0
392,6.0
393,18.0
394,18.0
395,5.0
396,25.0
397,5.0
398,6.0
399,41.0
400,22.0
401,1.0
402,1.0
403,6.0
404,12.0
405,15.0
406,9.0
407,5.0
408,5.0
409,28.0
410,21.0
411,1.0
412,7.0
413,1.0
414,36.0
415,4.0
416,1.0
417,4.0
418,1.0
419,2.0
420,30.0
421,14.0
422,16.0
423,1.0
424,26.0
425,0.0
426,43.0
427,1.0
428,9.0
429,10.0
430,4.0
431,1.0
432,1.0
433,15.0
434,1.0
435,13.0
436,5.0
437,6.0
438,35.0
439,21.0
440,14.0
441,6.0
442,22.0
443,0.0
444,3.0
445,1.0
446,5.0
447,2.0
448,26.0
449,17.0
450,1.0
451,9.0
452,2.0
453,7.0
454,33.0
455,45.0
456,15.0
457,4.0
458,4.0
459,1.0
460,1.0
461,11.0
462,2.0
463,19.0
464,1.0
465,7.0
466,4.0
467,47.0
468,47.0
469,37.0
470,6.0
471,0.0
472,2.0
473,31.0
474,5.0
475,9.0
476,3.0
477,10.0
478,3.0
479,34.0
480,4.0
481,6.0
482,1.0
483,1.0
484,4.0
485,9.0
486,1.0
487,40.0
488,0.0
489,8.0
490,1.0
491,26.0
492,41.0
493,7.0
494,14.0
495,1.0
496,34.0
497,13.0
498,8.0
499,1.0
500,12.0
501,14.0
502,19.0
503,1.0
504,21.0
505,2.0
506,7.0
507,8.0
508,41.0
509,1.0
510,2.0
511,1.0
512,45.0
513,7.0
514,12.0
515,47.0
516,18.0
517,7.0
518,1.0
519,6.0
520,6.0
521,4.0
522,5.0
523,0.0
524,3.0
525,6.0
526,4.0
527,1.0
528,41.0
529,6.0
530,32.0
531,0.0
532,41.0
533,21.0
534,23.0
535,5.0
536,6.0
537,49.0
538,13.0
539,11.0
540,1.0
541,10.0
542,0.0
543,36.0
544,15.0
545,8.0
546,10.0
547,7.0
548,9.0
549,18.0
550,16.0
551,2.0
552,1.0
553,15.0
554,6.0
555,0.0
556,0.0
557,25.0
558,5.0
559,1.0
560,14.0
561,23.0
562,2.0
563,1.0
564,46.0
565,1.0
566,25.0
567,0.0
568,30.0
569,15.0
570,4.0
571,35.0
572,9.0
573,18.0
574,5.0
575,12.0
576,19.0
577,33.0
578,29.0
579,3.0
580,1.0
581,6.0
582,1.0
583,8.0
584,2.0
585,0.0
586,21.0
587,38.0
588,3.0
589,35.0
590,6.0
591,2.0
592,2.0
593,4.0
594,7.0
595,0.0
596,23.0
597,1.0
598,19.0
599,3.0
600,2.0
601,38.0
602,14.0
603,1.0
604,5.0
605,16.0
606,1.0
607,26.0
608,21.0
609,2.0
610,10.0
611,5.0
612,1.0
613,41.0
614,2.0
615,15.0
616,38.0
617,0.0
618,5.0
619,8.0
620,1.0
621,21.0
622,2.0
623,26.0
624,2.0
625,1.0
626,13.0
627,6.0
628,18.0
629,23.0
630,0.0
631,16.0
632,24.0
633,0.0
634,0.0
635,15.0
636,2.0
637,48.0
638,40.0
639,16.0
640,11.0
641,1.0
642,0.0
643,11.0
644,0.0
645,0.0
646,1.0
647,6.0
648,11.0
649,17.0
650,23.0
651,6.0
652,8.0
653,6.0
654,5.0
655,0.0
656,16.0
657,31.0
658,15.0
659,1.0
660,0.0
661,1.0
662,26.0
663,6.0
664,9.0
665,1.0
666,1.0
667,6.0
668,45.0
669,3.0
670,33.0
671,12.0
672,1.0
673,15.0
674,1.0
675,8.0
676,16.0
677,30.0
678,1.0
679,4.0
680,0.0
681,10.0
682,16.0
683,11.0
684,9.0
685,9.0
686,6.0
687,15.0
688,3.0
689,15.0
690,0.0
691,11.0
692,15.0
693,5.0
694,2.0
695,8.0
696,25.0
697,1.0
698,23.0
699,8.0
700,30.0
701,16.0
702,29.0
703,3.0
704,5.0
705,23.0
706,10.0
707,1.0
708,7.0
709,4.0
710,20.0
711,2.0
712,44.0
713,1.0
714,9.0
715,29.0
716,49.0
717,4.0
718,18.0
719,1.0
720,12.0
721,6.0
722,41.0
723,0.0
724,1.0
725,5.0
726,9.0
727,15.0
728,47.0
729,1.0
730,9.0
731,1.0
732,9.0
733,3.0
734,1.0
735,2.0
736,31.0
737,13.0
738,1.0
739,21.0
740,1.0
741,6.0
742,2.0
743,13.0
744,7.0
745,18.0
746,19.0
747,15.0
748,1.0
749,39.0
750,14.0
751,17.0
752,0.0
753,3.0
754,12.0
755,2.0
756,3.0
757,0.0
758,22.0
759,6.0
760,8.0
761,4.0
762,7.0
763,13.0
764,25.0
765,22.0
766,2.0
767,9.0
768,6.0
769,2.0
770,2.0
771,24.0
772,20.0
773,2.0
774,1.0
775,19.0
776,24.0
777,32.0
778,0.0
779,38.0
780,22.0
781,1.0
782,0.0
783,1.0
784,1.0
785,34.0
786,2.0
787,28.0
788,4.0
789,43.0
790,7.0
791,0.0
792,10.0
793,2.0
794,3.0
795,6.0
796,1.0
797,0.0
798,4.0
799,2.0
800,5.0
801,12.0
802,29.0
803,1.0
804,8.0
805,21.0
806,23.0
807,0.0
808,1.0
809,45.0
810,49.0
811,7.0
812,1.0
813,35.0
814,4.0
815,22.0
816,9.0
817,2.0
818,1.0
819,0.0
820,28.0
821,3.0
822,3.0
823,12.0
824,0.0
825,1.0
826,15.0
827,5.0
828,22.0
829,7.0
830,20.0
831,6.0
832,31.0
833,17.0
834,8.0
835,11.0
836,1.0
837,38.0
838,22.0
839,24.0
840,44.0
841,10.0
842,29.0
843,1.0
844,1.0
845,1.0
846,14.0
847,1.0
848,0.0
849,13.0
850,3.0
851,1.0
852,40.0
853,1.0
854,1.0
855,9.0
856,0.0
857,6.0
858,5.0
859,1.0
860,17.0
861,0.0
862,14.0
863,7.0
864,2.0
865,2.0
866,3.0
867,32.0
868,38.0
869,7.0
870,7.0
871,9.0
872,1.0
873,19.0
874,11.0
875,9.0
876,0.0
877,8.0
878,35.0
879,8.0
880,5.0
881,22.0
882,31.0
883,1.0
884,3.0
885,10.0
886,11.0
887,4.0
888,1.0
889,3.0
890,17.0
891,0.0
892,1.0
893,4.0
894,2.0
895,3.0
896,17.0
897,4.0
898,35.0
899,18.0
900,0.0
901,1.0
902,21.0
903,28.0
904,0.0
905,41.0
906,3.0
907,19.0
908,7.0
909,3.0
910,15.0
911,1.0
912,22.0
913,2.0
914,30.0
915,16.0
916,5.0
917,21.0
918,0.0
919,10.0
920,5.0
921,1.0
922,1.0
923,0.0
924,1.0
925,12.0
926,22.0
927,11.0
928,1.0
929,11.0
930,8.0
931,2.0
932,0.0
933,1.0
934,1.0
935,12.0
936,1.0
937,10.0
938,4.0
939,29.0
940,0.0
941,0.0
942,20.0
943,37.0
944,8.0
945,16.0
946,5.0
947,3.0
948,2.0
949,10.0
950,3.0
951,0.0
952,3.0
953,4.0
954,11.0
955,1.0
956,6.0
957,13.0
958,1.0
959,3.0
960,45.0
961,27.0
962,23.0
963,20.0
964,2.0
965,1.0
966,32.0
967,1.0
968,14.0
969,0.0
970,9.0
971,12.0
972,1.0
973,17.0
974,2.0
975,13.0
976,12.0
977,13.0
978,0.0
979,17.0
980,14.0
981,20.0
982,44.0
983,0.0
984,45.0
985,2.0
986,4.0
987,16.0
988,0.0
989,9.0
990,9.0
991,9.0
992,31.0
993,0.0
994,42.0
995,8.0
996,25.0
997,21.0
998,37.0
999,17.0
1000,0.0
1001,4.0
1002,27.0
1003,6.0
1004,14.0
1005,12.0
1006,0.0
1007,6.0
1008,5.0
1009,3.0
1010,1.0
1011,32.0
1012,14.0
1013,44.0
1014,0.0
1015,1.0
1016,12.0
1017,1.0
1018,8.0
1019,3.0
1020,9.0
1021,0.0
1022,39.0
1023,0.0
1024,4.0
1025,20.0
1026,15.0
1027,3.0
1028,1.0
1029,34.0
1030,0.0
1031,16.0
1032,11.0
1033,14.0
1034,2.0
1035,1.0
1036,3.0
1037,8.0
1038,2.0
1039,8.0
1040,3.0
1041,8.0
1042,0.0
1043,44.0
1044,5.0
1045,33.0
1046,30.0
1047,1.0
1048,0.0
1049,22.0
1050,19.0
1051,39.0
1052,1.0
1053,1.0
1054,2.0
1055,3.0
1056,5.0
1057,1.0
1058,7.0
1059,8.0
1060,34.0
1061,27.0
1062,17.0
1063,17.0
1064,5.0
1065,6.0
1066,20.0
1067,1.0
1068,35.0
1069,7.0
1070,9.0
1071,0.0
1072,1.0
1073,3.0
1074,0.0
1075,1.0
1076,1.0
1077,5.0
1078,0.0
1079,1.0
1080,19.0
1081,0.0
1082,2.0
1083,22.0
1084,0.0
1085,11.0
1086,47.0
1087,36.0
1088,24.0
1089,49.0
1090,12.0
1091,24.0
1092,19.0
1093,44.0
1094,2.0
1095,0.0
1096,22.0
1097,8.0
1098,23.0
1099,6.0
1100,49.0
1101,8.0
1102,1.0
1103,4.0
1104,1.0
1105,30.0
1106,39.0
1107,12.0
1108,1.0
1109,23.0
1110,40.0
1111,4.0
1112,13.0
1113,4.0
1114,2.0
1115,3.0
1116,3.0
1117,4.0
1118,26.0
1119,9.0
1120,0.0
1121,1.0
1122,20.0
1123,6.0
1124,1.0
1125,3.0
1126,36.0
1127,19.0
1128,18.0
1129,2.0
1130,13.0
1131,9.0
1132,10.0
1133,2.0
1134,24.0
1135,4.0
1136,2.0
1137,1.0
1138,0.0
1139,12.0
1140,34.0
1141,1.0
1142,38.0
1143,3.0
1144,1.0
1145,26.0
1146,1.0
1147,1.0
1148,1.0
1149,23.0
1150,3.0
1151,0.0
1152,36.0
1153,9.0
1154,0.0
1155,1.0
1156,21.0
1157,39.0
1158,1.0
1159,0.0
1160,7.0
1161,36.0
1162,45.0
1163,0.0
1164,1.0
1165,7.0
1166,36.0
1167,17.0
1168,12.0
1169,19.0
1170,1.0
1171,21.0
1172,25.0
1173,42.0
1174,10.0
1175,0.0
1176,0.0
1177,37.0
1178,10.0
1179,0.0
1180,13.0
1181,14.0
1182,6.0
1183,45.0
1184,2.0
1185,1.0
1186,25.0
1187,1.0
1188,2.0
1189,23.0
1190,16.0
1191,0.0
1192,32.0
1193,9.0
1194,1.0
1195,1.0
1196,16.0
1197,22.0
1198,30.0
1199,21.0
1200,3.0
1201,0.0
1202,1.0
1203,18.0
1204,14.0
1205,25.0
1206,0.0
1207,4.0
1208,0.0
1209,5.0
1210,1.0
1211,14.0
1212,6.0
1213,45.0
1214,34.0
1215,6.0
1216,21.0
1217,13.0
1218,9.0
1219,42.0
1220,1.0
1221,1.0
1222,37.0
1223,0.0
1224,18.0
1225,0.0
1226,8.0
1227,9.0
1228,1.0
1229,22.0
1230,13.0
1231,5.0
1232,22.0
1233,5.0
1234,24.0
1235,12.0
1236,2.0
1237,1.0
1238,1.0
1239,6.0
1240,7.0
1241,2.0
1242,0.0
1243,2.0
1244,10.0
1245,13.0
1246,3.0
1247,5.0
1248,0.0
1249,44.0
1250,1.0
1251,31.0
1252,2.0
1253,7.0
1254,34.0
1255,4.0
1256,12.0
1257,2.0
1258,21.0
1259,7.0
1260,10.0
1261,15.0
1262,8.0
1263,8.0
1264,1.0
1265,5.0
1266,1.0
1267,26.0
1268,0.0
1269,1.0
1270,23.0
1271,22.0
1272,15.0
1273,9.0
1274,2.0
1275,22.0
1276,12.0
1277,3.0
1278,1.0
1279,18.0
1280,10.0
1281,9.0
1282,2.0
1283,17.0
1284,37.0
1285,23.0
1286,16.0
1287,1.0
1288,15.0
1289,3.0
1290,18.0
1291,1.0
1292,4.0
1293,9.0
1294,1.0
1295,10.0
1296,0.0
1297,3.0
1298,9.0
1299,17.0
1300,19.0
1301,1.0
1302,27.0
1303,5.0
1304,1.0
1305,5.0
1306,3.0
1307,2.0
1308,2.0
1309,24.0
1310,0.0
1311,1.0
1312,0.0
1313,14.0
1314,0.0
1315,17.0
1316,12.0
1317,6.0
1318,2.0
1319,8.0
1320,7.0
1321,1.0
1322,34.0
1323,7.0
1324,16.0
1325,0.0
1326,23.0
1327,11.0
1328,1.0
1329,1.0
1330,13.0
1331,0.0
1332,6.0
1333,9.0
1334,3.0
1335,2.0
1336,8.0
1337,1.0
1338,0.0
1339,2.0
1340,1.0
1341,8.0
1342,13.0
1343,0.0
1344,13.0
1345,2.0
1346,37.0
1347,30.0
1348,29.0
1349,9.0
1350,1.0
1351,34.0
1352,9.0
1353,25.0
1354,10.0
1355,2.0
1356,7.0
1357,0.0
1358,8.0
1359,1.0
1360,0.0
1361,1.0
1362,1.0
1363,1.0
1364,0.0
1365,2.0
1366,6.0
1367,0.0
1368,3.0
1369,2.0
1370,33.0
1371,23.0
1372,27.0
1373,6.0
1374,2.0
1375,1.0
1376,3.0
1377,10.0
1378,19.0
1379,5.0
1380,1.0
1381,0.0
1382,25.0
1383,26.0
1384,5.0
1385,1.0
1386,18.0
1387,10.0
1388,7.0
1389,24.0
1390,1.0
1391,2.0
1392,6.0
1393,3.0
1394,0.0
1395,42.0
1396,9.0
1397,1.0
1398,1.0
1399,37.0
1400,3.0
1401,0.0
1402,0.0
1403,36.0
1404,1.0
1405,3.0
1406,16.0
1407,23.0
1408,9.0
1409,4.0
1410,4.0
1411,0.0
1412,3.0
1413,26.0
1414,1.0
1415,8.0
1416,25.0
1417,12.0
1418,1.0
1419,20.0
1420,1.0
1421,6.0
1422,1.0
1423,25.0
1424,21.0
1425,2.0
1426,19.0
1427,20.0
1428,10.0
1429,21.0
1430,35.0
1431,26.0
1432,34.0
1433,1.0
1434,37.0
1435,24.0
1436,33.0
1437,7.0
1438,4.0
1439,21.0
1440,32.0
1441,3.0
1442,4.0
1443,10.0
1444,2.0
1445,2.0
1446,3.0
1447,1.0
1448,21.0
1449,34.0
1450,12.0
1451,48.0
1452,11.0
1453,7.0
1454,13.0
1455,3.0
1456,4.0
1457,48.0
1458,1.0
1459,1.0
1460,7.0
1461,0.0
1462,1.0
1463,18.0
1464,9.0
1465,1.0
1466,26.0
1467,11.0
1468,9.0
1469,1.0
1470,5.0
1471,1.0
1472,16.0
1473,3.0
1474,15.0
1475,8.0
1476,4.0
1477,0.0
1478,1.0
1479,19.0
1480,5.0
1481,2.0
1482,1.0
1483,17.0
1484,13.0
1485,1.0
1486,13.0
1487,2.0
1488,1.0
1489,26.0
1490,2.0
1491,34.0
1492,8.0
1493,7.0
1494,24.0
1495,1.0
1496,0.0
1497,1.0
1498,0.0
1499,15.0
1500,2.0
1501,41.0
1502,1.0
1503,12.0
1504,8.0
1505,9.0
1506,3.0
1507,2.0
1508,1.0
1509,8.0
1510,12.0
1511,17.0
1512,5.0
1513,18.0
1514,16.0
1515,17.0
1516,6.0
1517,14.0
1518,1.0
1519,1.0
1520,38.0
1521,7.0
1522,17.0
1523,44.0
1524,8.0
1525,22.0
1526,26.0
1527,3.0
1528,2.0
1529,34.0
1530,20.0
1531,2.0
1532,3.0
1533,1.0
1534,1.0
1535,47.0
1536,12.0
1537,14.0
1538,1.0
1539,7.0
1540,1.0
1541,29.0
1542,1.0
1543,1.0
1544,0.0
1545,1.0
1546,2.0
1547,2.0
1548,9.0
1549,2.0
1550,1.0
1551,12.0
1552,1.0
1553,12.0
1554,4.0
1555,10.0
1556,1.0
1557,1.0
1558,11.0
1559,9.0
1560,1.0
1561,5.0
1562,4.0
1563,0.0
1564,2.0
1565,1.0
1566,4.0
1567,1.0
1568,2.0
1569,6.0
1570,3.0
1571,6.0
1572,1.0
1573,33.0
1574,29.0
1575,27.0
1576,1.0
1577,1.0
1578,3.0
1579,16.0
1580,2.0
1581,6.0
1582,4.0
1583,45.0
1584,1.0
1585,18.0
1586,1.0
1587,3.0
1588,11.0
1589,2.0
1590,32.0
1591,3.0
1592,3.0
1593,10.0
1594,4.0
1595,2.0
1596,3.0
1597,25.0
1598,1.0
1599,11.0
1600,27.0
1601,18.0
1602,31.0
1603,1.0
1604,23.0
1605,0.0
1606,1.0
1607,14.0
1608,2.0
1609,11.0
1610,42.0
1611,26.0
1612,2.0
1613,0.0
1614,12.0
1615,17.0
1616,5.0
1617,10.0
1618,5.0
1619,24.0
1620,1.0
1621,0.0
1622,14.0
1623,1.0
1624,4.0
1625,26.0
1626,1.0
1627,41.0
1628,33.0
1629,14.0
1630,12.0
1631,1.0
1632,1.0
1633,25.0
1634,30.0
1635,6.0
1636,0.0
1637,7.0
1638,1.0
1639,14.0
1640,20.0
1641,6.0
1642,33.0
1643,15.0
1644,25.0
1645,14.0
1646,28.0
1647,1.0
1648,13.0
1649,1.0
1650,3.0
1651,13.0
1652,1.0
1653,2.0
1654,2.0
1655,23.0
1656,2.0
1657,28.0
1658,30.0
1659,1.0
1660,44.0
1661,1.0
1662,1.0
1663,1.0
1664,29.0
1665,6.0
1666,1.0
1667,7.0
1668,35.0
1669,30.0
1670,7.0
1671,0.0
1672,27.0
1673,40.0
1674,4.0
1675,9.0
1676,4.0
1677,0.0
1678,1.0
1679,48.0
1680,3.0
1681,20.0
1682,18.0
1683,4.0
1684,13.0
1685,3.0
1686,3.0
1687,12.0
1688,3.0
1689,4.0
1690,36.0
1691,24.0
1692,2.0
1693,44.0
1694,14.0
1695,1.0
1696,1.0
1697,10.0
1698,25.0
1699,14.0
1700,0.0
1701,15.0
1702,1.0
1703,2.0
1704,14.0
1705,5.0
1706,29.0
1707,3.0
1708,8.0
1709,10.0
1710,1.0
1711,9.0
1712,0.0
1713,3.0
1714,48.0
1715,30.0
1716,1.0
1717,7.0
1718,0.0
1719,48.0
1720,12.0
1721,1.0
1722,27.0
1723,44.0
1724,1.0
1725,5.0
1726,0.0
1727,6.0
1728,12.0
1729,25.0
1730,1.0
1731,37.0
1732,1.0
1733,45.0
1734,1.0
1735,3.0
1736,15.0
1737,1.0
1738,1.0
1739,7.0
1740,0.0
1741,2.0
1742,1.0
1743,49.0
1744,18.0
1745,8.0
1746,20.0
1747,8.0
1748,1.0
1749,45.0
1750,1.0
1751,12.0
1752,1.0
1753,36.0
1754,3.0
1755,19.0
1756,39.0
1757,0.0
1758,0.0
1759,0.0
1760,7.0
1761,21.0
1762,8.0
1763,6.0
1764,8.0
1765,9.0
1766,1.0
1767,25.0
1768,1.0
1769,11.0
1770,1.0
1771,6.0
1772,18.0
1773,6.0
1774,10.0
1775,0.0
1776,1.0
1777,2.0
1778,14.0
1779,3.0
1780,7.0
1781,2.0
1782,15.0
1783,9.0
1784,13.0
1785,31.0
1786,1.0
1787,5.0
1788,18.0
1789,3.0
1790,1.0
1791,17.0
1792,5.0
1793,1.0
1794,3.0
1795,23.0
1796,13.0
1797,3.0
1798,35.0
1799,1.0
1800,13.0
1801,0.0
1802,7.0
1803,0.0
1804,0.0
1805,32.0
1806,3.0
1807,8.0
1808,11.0
1809,41.0
1810,0.0
1811,3.0
1812,14.0
1813,4.0
1814,12.0
1815,41.0
1816,6.0
1817,4.0
1818,19.0
1819,20.0
1820,10.0
1821,5.0
1822,22.0
1823,20.0
1824,0.0
1825,5.0
1826,25.0
1827,18.0
1828,1.0
1829,0.0
1830,1.0
1831,2.0
1832,27.0
1833,5.0
1834,24.0
1835,0.0
1836,13.0
1837,13.0
1838,10.0
1839,31.0
1840,17.0
1841,42.0
1842,26.0
1843,37.0
1844,2.0
1845,3.0
1846,0.0
1847,32.0
1848,4.0
1849,39.0
1850,17.0
1851,6.0
1852,14.0
1853,20.0
1854,7.0
1855,22.0
1856,3.0
1857,8.0
1858,0.0
1859,0.0
1860,1.0
1861,9.0
1862,2.0
1863,5.0
1864,15.0
1865,17.0
1866,27.0
1867,0.0
1868,18.0
1869,25.0
1870,3.0
1871,1.0
1872,27.0
1873,11.0
1874,1.0
1875,13.0
1876,0.0
1877,9.0
1878,22.0
1879,0.0
1880,12.0
1881,1.0
1882,1.0
1883,40.0
1884,36.0
1885,2.0
1886,3.0
1887,12.0
1888,13.0
1889,1.0
1890,9.0
1891,2.0
1892,8.0
1893,12.0
1894,2.0
1895,10.0
1896,1.0
1897,3.0
1898,1.0
1899,25.0
1900,1.0
1901,0.0
1902,5.0
1903,1.0
1904,10.0
1905,3.0
1906,2.0
1907,38.0
1908,36.0
1909,19.0
1910,31.0
1911,16.0
1912,5.0
1913,1.0
1914,0.0
1915,3.0
1916,3.0
1917,0.0
1918,12.0
1919,8.0
1920,1.0
1921,0.0
1922,3.0
1923,20.0
1924,14.0
1925,1.0
1926,12.0
1927,8.0
1928,7.0
1929,9.0
1930,15.0
1931,2.0
1932,9.0
1933,0.0
1934,0.0
1935,2.0
1936,4.0
1937,17.0
1938,0.0
1939,32.0
1940,0.0
1941,1.0
1942,2.0
1943,14.0
1944,11.0
1945,2.0
1946,2.0
1947,0.0
1948,0.0
1949,4.0
1950,28.0
1951,20.0
1952,10.0
1953,1.0
1954,0.0
1955,17.0
1956,1.0
1957,1.0
1958,0.0
1959,0.0
1960,7.0
1961,16.0
1962,8.0
1963,2.0
1964,1.0
1965,28.0
1966,9.0
1967,13.0
1968,15.0
1969,1.0
1970,2.0
1971,1.0
1972,32.0
1973,4.0
1974,31.0
1975,4.0
1976,18.0
1977,22.0
1978,5.0
1979,6.0
1980,42.0
1981,31.0
1982,8.0
1983,6.0
1984,11.0
1985,7.0
1986,1.0
1987,23.0
1988,7.0
1989,8.0
1990,0.0
1991,3.0
1992,12.0
1993,7.0
1994,0.0
1995,37.0
1996,0.0
1997,1.0
1998,3.0
1999,21.0
2000,24.0
2001,2.0
2002,28.0
2003,1.0
2004,18.0
2005,2.0
2006,45.0
2007,1.0
2008,2.0
2009,0.0
2010,31.0
2011,21.0
2012,2.0
2013,30.0
2014,7.0
2015,8.0
2016,0.0
2017,8.0
2018,25.0
2019,1.0
2020,40.0
2021,1.0
2022,10.0
2023,1.0
2024,44.0
2025,12.0
2026,2.0
2027,9.0
2028,9.0
2029,1.0
2030,2.0
2031,0.0
2032,13.0
2033,13.0
2034,25.0
2035,1.0
2036,34.0
2037,1.0
2038,34.0
2039,32.0
2040,7.0
2041,29.0
2042,1.0
2043,1.0
2044,15.0
2045,9.0
2046,0.0
2047,13.0
2048,0.0
2049,11.0
2050,36.0
2051,3.0
2052,14.0
2053,24.0
2054,3.0
2055,0.0
2056,1.0
2057,8.0
2058,0.0
2059,2.0
2060,21.0
2061,35.0
2062,5.0
2063,11.0
2064,3.0
2065,2.0
2066,1.0
2067,5.0
2068,0.0
2069,2.0
2070,2.0
2071,36.0
2072,1.0
2073,2.0
2074,4.0
2075,18.0
2076,8.0
2077,5.0
2078,27.0
2079,40.0
2080,0.0
2081,39.0
2082,16.0
2083,5.0
2084,4.0
2085,0.0
2086,0.0
2087,7.0
2088,0.0
2089,22.0
2090,1.0
2091,1.0
2092,2.0
2093,2.0
2094,3.0
2095,1.0
2096,2.0
2097,6.0
2098,29.0
2099,27.0
2100,1.0
2101,0.0
2102,4.0
2103,5.0
2104,21.0
2105,3.0
2106,30.0
2107,39.0
2108,0.0
2109,29.0
2110,8.0
2111,17.0
2112,6.0
2113,27.0
2114,6.0
2115,4.0
2116,0.0
2117,0.0
2118,1.0
2119,1.0
2120,1.0
2121,0.0
2122,20.0
2123,28.0
2124,1.0
2125,3.0
2126,0.0
2127,17.0
2128,2.0
2129,29.0
2130,7.0
2131,6.0
2132,1.0
2133,2.0
2134,11.0
2135,3.0
2136,31.0
2137,38.0
2138,39.0
2139,1.0
2140,7.0
2141,1.0
2142,4.0
2143,45.0
2144,0.0
2145,15.0
2146,1.0
2147,3.0
2148,13.0
2149,2.0
2150,23.0
2151,4.0
2152,22.0
2153,6.0
2154,1.0
2155,40.0
2156,23.0
2157,12.0
2158,35.0
2159,22.0
2160,1.0
2161,1.0
2162,17.0
2163,9.0
2164,2.0
2165,31.0
2166,13.0
2167,17.0
2168,1.0
2169,14.0
2170,1.0
2171,0.0
2172,0.0
2173,29.0
2174,4.0
2175,14.0
2176,23.0
2177,11.0
2178,48.0
2179,17.0
2180,9.0
2181,1.0
2182,3.0
2183,32.0
2184,0.0
2185,2.0
2186,2.0
2187,2.0
2188,4.0
2189,36.0
2190,13.0
2191,1.0
2192,3.0
2193,11.0
2194,0.0
2195,0.0
2196,24.0
2197,6.0
2198,16.0
2199,0.0
2200,2.0
2201,27.0
2202,2.0
2203,31.0
2204,3.0
2205,3.0
2206,38.0
2207,1.0
2208,3.0
2209,1.0
2210,15.0
2211,13.0
2212,27.0
2213,1.0
2214,45.0
2215,13.0
2216,1.0
2217,8.0
2218,3.0
2219,5.0
2220,20.0
2221,36.0
2222,1.0
2223,43.0
2224,4.0
2225,18.0
2226,4.0
2227,5.0
2228,28.0
2229,0.0
2230,3.0
2231,25.0
2232,19.0
2233,3.0
2234,0.0
2235,2.0
2236,1.0
2237,2.0
2238,23.0
2239,40.0
2240,7.0
2241,0.0
2242,25.0
2243,11.0
2244,32.0
2245,1.0
2246,3.0
2247,10.0
2248,3.0
2249,27.0
2250,0.0
2251,16.0
2252,0.0
2253,2.0
2254,3.0
2255,0.0
2256,0.0
2257,4.0
2258,16.0
2259,23.0
2260,21.0
2261,2.0
2262,6.0
2263,26.0
2264,18.0
2265,5.0
2266,36.0
2267,2.0
2268,38.0
2269,1.0
2270,23.0
2271,11.0
2272,22.0
2273,17.0
2274,5.0
2275,2.0
2276,2.0
2277,11.0
2278,12.0
2279,2.0
2280,4.0
2281,2.0
2282,0.0
2283,1.0
2284,16.0
2285,2.0
2286,10.0
2287,10.0
2288,0.0
2289,2.0
2290,0.0
2291,2.0
2292,2.0
2293,0.0
2294,2.0
2295,21.0
2296,7.0
2297,15.0
2298,34.0
2299,11.0
2300,35.0
2301,1.0
2302,31.0
2303,12.0
2304,25.0
2305,2.0
2306,13.0
2307,0.0
2308,2.0
2309,13.0
2310,1.0
2311,5.0
2312,0.0
2313,4.0
2314,22.0
2315,10.0
2316,2.0
2317,1.0
2318,32.0
2319,20.0
2320,5.0
2321,38.0
2322,38.0
2323,48.0
2324,24.0
2325,24.0
2326,4.0
2327,40.0
2328,11.0
2329,19.0
2330,0.0
2331,0.0
2332,0.0
2333,34.0
2334,7.0
2335,0.0
2336,1.0
2337,1.0
2338,3.0
2339,1.0
2340,0.0
2341,38.0
2342,12.0
2343,7.0
2344,1.0
2345,31.0
2346,12.0
2347,2.0
2348,0.0
2349,1.0
2350,2.0
2351,10.0
2352,1.0
2353,43.0
2354,0.0
2355,6.0
2356,1.0
2357,6.0
2358,20.0
2359,3.0
2360,0.0
2361,5.0
2362,9.0
2363,28.0
2364,3.0
2365,2.0
2366,0.0
2367,15.0
2368,1.0
2369,1.0
2370,5.0
2371,4.0
2372,46.0
2373,30.0
2374,43.0
2375,0.0
2376,1.0
2377,0.0
2378,1.0
2379,16.0
2380,3.0
2381,7.0
2382,18.0
2383,14.0
2384,3.0
2385,2.0
2386,2.0
2387,2.0
2388,2.0
2389,27.0
2390,1.0
2391,19.0
2392,17.0
2393,47.0
2394,1.0
2395,14.0
2396,7.0
2397,0.0
2398,20.0
2399,2.0
2400,0.0
2401,2.0
2402,2.0
2403,2.0
2404,10.0
2405,1.0
2406,2.0
2407,6.0
2408,26.0
2409,2.0
2410,9.0
2411,0.0
2412,3.0
2413,8.0
2414,1.0
2415,42.0
2416,19.0
2417,1.0
2418,2.0
2419,18.0
2420,2.0
2421,40.0
2422,10.0
2423,0.0
2424,2.0
2425,1.0
2426,3.0
2427,12.0
2428,7.0
2429,2.0
2430,26.0
2431,30.0
2432,3.0
2433,1.0
2434,1.0
2435,30.0
2436,1.0
2437,0.0
2438,2.0
2439,5.0
2440,15.0
2441,2.0
2442,4.0
2443,0.0
2444,18.0
2445,1.0
2446,5.0
2447,15.0
2448,1.0
2449,30.0
2450,4.0
2451,2.0
2452,1.0
2453,1.0
2454,26.0
2455,4.0
2456,11.0
2457,4.0
2458,24.0
2459,24.0
2460,7.0
2461,1.0
2462,11.0
2463,1.0
2464,3.0
2465,13.0
2466,3.0
2467,35.0
2468,0.0
2469,4.0
2470,30.0
2471,17.0
2472,4.0
2473,3.0
2474,2.0
2475,2.0
2476,26.0
2477,11.0
2478,4.0
2479,1.0
2480,3.0
2481,2.0
2482,2.0
2483,41.0
2484,22.0
2485,38.0
2486,41.0
2487,2.0
2488,6.0
2489,2.0
2490,2.0
2491,1.0
2492,17.0
2493,0.0
2494,7.0
2495,22.0
2496,2.0
2497,19.0
2498,30.0
2499,8.0
2500,0.0
2501,3.0
2502,1.0
2503,35.0
2504,11.0
2505,11.0
2506,11.0
2507,1.0
2508,14.0
2509,21.0
2510,1.0
2511,0.0
2512,33.0
2513,49.0
2514,15.0
2515,32.0
2516,43.0
2517,5.0
2518,1.0
2519,6.0
2520,33.0
2521,47.0
2522,1.0
2523,3.0
2524,19.0
2525,24.0
2526,0.0
2527,2.0
2528,12.0
2529,15.0
2530,18.0
2531,28.0
2532,29.0
2533,1.0
2534,2.0
2535,20.0
2536,1.0
2537,15.0
2538,32.0
2539,4.0
2540,4.0
2541,4.0
2542,11.0
2543,2.0
2544,47.0
2545,0.0
2546,2.0
2547,6.0
2548,1.0
2549,1.0
2550,6.0
2551,18.0
2552,8.0
2553,5.0
2554,1.0
2555,10.0
2556,43.0
2557,0.0
2558,21.0
2559,18.0
2560,3.0
2561,2.0
2562,6.0
2563,1.0
2564,14.0
2565,8.0
2566,7.0
2567,0.0
2568,4.0
2569,20.0
2570,1.0
2571,2.0
2572,0.0
2573,1.0
2574,5.0
2575,2.0
2576,2.0
2577,43.0
2578,19.0
2579,28.0
2580,0.0
2581,0.0
2582,4.0
2583,3.0
2584,10.0
2585,14.0
2586,10.0
2587,2.0
2588,19.0
2589,17.0
2590,33.0
2591,3.0
2592,14.0
2593,3.0
2594,28.0
2595,2.0
2596,21.0
2597,23.0
2598,2.0
2599,12.0
2600,9.0
2601,3.0
2602,46.0
2603,4.0
2604,1.0
2605,27.0
2606,1.0
2607,3.0
2608,5.0
2609,0.0
2610,14.0
2611,15.0
2612,8.0
2613,4.0
2614,23.0
2615,0.0
2616,46.0
2617,33.0
2618,5.0
2619,23.0
2620,0.0
2621,8.0
2622,0.0
2623,18.0
2624,4.0
2625,12.0
2626,6.0
2627,4.0
2628,46.0
2629,9.0
2630,8.0
2631,3.0
2632,15.0
2633,17.0
2634,0.0
2635,13.0
2636,1.0
2637,2.0
2638,7.0
2639,0.0
2640,11.0
2641,1.0
2642,22.0
2643,43.0
2644,1.0
2645,31.0
2646,2.0
2647,1.0
2648,4.0
2649,11.0
2650,0.0
2651,2.0
2652,0.0
2653,14.0
2654,6.0
2655,41.0
2656,7.0
2657,44.0
2658,2.0
2659,38.0
2660,4.0
2661,3.0
2662,9.0
2663,1.0
2664,2.0
2665,1.0
2666,16.0
2667,25.0
2668,0.0
2669,2.0
2670,1.0
2671,45.0
2672,5.0
2673,3.0
2674,1.0
2675,38.0
2676,46.0
2677,2.0
2678,6.0
2679,40.0
2680,2.0
2681,0.0
2682,1.0
2683,10.0
2684,27.0
2685,1.0
2686,2.0
2687,8.0
2688,22.0
2689,37.0
2690,0.0
2691,0.0
2692,7.0
2693,41.0
2694,0.0
2695,8.0
2696,47.0
2697,2.0
2698,17.0
2699,1.0
2700,11.0
2701,4.0
2702,1.0
2703,29.0
2704,2.0
2705,21.0
2706,1.0
2707,8.0
2708,2.0
2709,10.0
2710,13.0
2711,6.0
2712,4.0
2713,36.0
2714,5.0
2715,41.0
2716,2.0
2717,40.0
2718,3.0
2719,1.0
2720,1.0
2721,4.0
2722,3.0
2723,5.0
2724,33.0
2725,1.0
2726,28.0
2727,2.0
2728,1.0
2729,2.0
2730,0.0
2731,26.0
2732,4.0
2733,0.0
2734,17.0
2735,1.0
2736,2.0
2737,11.0
2738,29.0
2739,1.0
2740,4.0
2741,17.0
2742,36.0
2743,1.0
2744,10.0
2745,21.0
2746,6.0
2747,30.0
2748,23.0
2749,1.0
2750,1.0
2751,9.0
2752,16.0
2753,1.0
2754,2.0
2755,26.0
2756,21.0
2757,32.0
2758,38.0
2759,43.0
2760,14.0
2761,7.0
2762,23.0
2763,0.0
2764,1.0
2765,30.0
2766,23.0
2767,17.0
2768,8.0
2769,16.0
2770,9.0
2771,11.0
2772,6.0
2773,0.0
2774,23.0
2775,21.0
2776,1.0
2777,21.0
2778,21.0
2779,14.0
2780,2.0
2781,31.0
2782,1.0
2783,29.0
2784,13.0
2785,2.0
2786,3.0
2787,3.0
2788,6.0
2789,5.0
2790,21.0
2791,1.0
2792,1.0
2793,2.0
2794,7.0
2795,0.0
2796,0.0
2797,45.0
2798,3.0
2799,35.0
2800,3.0
2801,1.0
2802,1.0
2803,1.0
2804,15.0
2805,1.0
2806,42.0
2807,8.0
2808,12.0
2809,5.0
2810,22.0
2811,42.0
2812,31.0
2813,10.0
2814,29.0
2815,30.0
2816,1.0
2817,23.0
2818,34.0
2819,20.0
2820,5.0
2821,6.0
2822,1.0
2823,4.0
2824,1.0
2825,1.0
2826,1.0
2827,8.0
2828,7.0
2829,4.0
2830,18.0
2831,20.0
2832,7.0
2833,15.0
2834,1.0
2835,36.0
2836,3.0
2837,1.0
2838,3.0
2839,0.0
2840,22.0
2841,6.0
2842,5.0
2843,3.0
2844,43.0
2845,48.0
2846,3.0
2847,2.0
2848,13.0
2849,1.0
2850,1.0
2851,35.0
2852,2.0
2853,20.0
2854,1.0
2855,1.0
2856,18.0
2857,49.0
2858,1.0
2859,1.0
2860,2.0
2861,1.0
2862,0.0
2863,2.0
2864,28.0
2865,2.0
2866,3.0
2867,8.0
2868,4.0
2869,4.0
2870,12.0
2871,19.0
2872,6.0
2873,1.0
2874,29.0
2875,8.0
2876,4.0
2877,18.0
2878,2.0
2879,11.0
2880,0.0
2881,41.0
2882,22.0
2883,14.0
2884,2.0
2885,2.0
2886,34.0
2887,14.0
2888,1.0
2889,2.0
2890,7.0
2891,3.0
2892,9.0
2893,2.0
2894,10.0
2895,4.0
2896,0.0
2897,0.0
2898,28.0
2899,2.0
2900,1.0
2901,20.0
2902,8.0
2903,46.0
2904,8.0
2905,44.0
2906,2.0
2907,0.0
2908,32.0
2909,4.0
2910,3.0
2911,1.0
2912,1.0
2913,4.0
2914,14.0
2915,5.0
2916,1.0
2917,0.0
2918,15.0
2919,8.0
2920,0.0
2921,0.0
2922,4.0
2923,3.0
2924,30.0
2925,0.0
2926,4.0
2927,4.0
2928,28.0
2929,1.0
2930,8.0
2931,2.0
2932,1.0
2933,3.0
2934,15.0
2935,2.0
2936,34.0
2937,43.0
2938,1.0
2939,0.0
2940,5.0
2941,32.0
2942,3.0
2943,6.0
2944,23.0
2945,7.0
2946,16.0
2947,32.0
2948,3.0
2949,8.0
2950,13.0
2951,1.0
2952,3.0
2953,9.0
2954,0.0
2955,10.0
2956,3.0
2957,44.0
2958,2.0
2959,2.0
2960,4.0
2961,0.0
2962,2.0
2963,29.0
2964,7.0
2965,0.0
2966,0.0
2967,46.0
2968,19.0
2969,7.0
2970,37.0
2971,13.0
2972,11.0
2973,5.0
2974,0.0
2975,0.0
2976,0.0
2977,0.0
2978,44.0
2979,0.0
2980,0.0
2981,2.0
2982,1.0
2983,15.0
2984,11.0
2985,3.0
2986,17.0
2987,7.0
2988,1.0
2989,1.0
2990,48.0
2991,6.0
2992,9.0
2993,4.0
2994,8.0
2995,1.0
2996,17.0
2997,1.0
2998,5.0
2999,1.0
3000,18.0
3001,3.0
3002,11.0
3003,30.0
3004,6.0
3005,2.0
3006,12.0
3007,2.0
3008,1.0
3009,25.0
3010,11.0
3011,2.0
3012,2.0
3013,1.0
3014,10.0
3015,6.0
3016,1.0
3017,45.0
3018,29.0
3019,1.0
3020,1.0
3021,18.0
3022,24.0
3023,24.0
3024,0.0
3025,2.0
3026,8.0
3027,7.0
3028,40.0
3029,1.0
3030,2.0
3031,39.0
3032,13.0
3033,0.0
3034,1.0
3035,0.0
3036,16.0
3037,0.0
3038,12.0
3039,41.0
3040,24.0
3041,4.0
3042,6.0
3043,21.0
3044,21.0
3045,0.0
3046,22.0
3047,6.0
3048,36.0
3049,16.0
3050,2.0
3051,10.0
3052,1.0
3053,0.0
3054,11.0
3055,3.0
3056,1.0
3057,13.0
3058,38.0
3059,2.0
3060,38.0
3061,23.0
3062,27.0
3063,0.0
3064,6.0
3065,12.0
3066,5.0
3067,1.0
3068,21.0
3069,25.0
3070,9.0
3071,8.0
3072,5.0
3073,15.0
3074,6.0
3075,1.0
3076,1.0
3077,26.0
3078,10.0
3079,13.0
3080,0.0
3081,7.0
3082,1.0
3083,4.0
3084,21.0
3085,12.0
3086,20.0
3087,4.0
3088,1.0
3089,13.0
3090,0.0
3091,3.0
3092,1.0
3093,6.0
3094,27.0
3095,4.0
3096,0.0
3097,10.0
3098,19.0
3099,0.0
3100,0.0
3101,0.0
3102,0.0
3103,2.0
3104,2.0
3105,26.0
3106,0.0
3107,19.0
3108,49.0
3109,1.0
3110,37.0
3111,18.0
3112,8.0
3113,0.0
3114,47.0
3115,13.0
3116,17.0
3117,2.0
3118,18.0
3119,0.0
3120,0.0
3121,1.0
3122,28.0
3123,5.0
3124,36.0
3125,3.0
3126,18.0
3127,30.0
3128,5.0
3129,1.0
3130,42.0
3131,12.0
3132,35.0
3133,47.0
3134,2.0
3135,1.0
3136,0.0
3137,3.0
3138,5.0
3139,9.0
3140,2.0
3141,24.0
3142,2.0
3143,45.0
3144,40.0
3145,20.0
3146,14.0
3147,0.0
3148,2.0
3149,5.0
3150,33.0
3151,2.0
3152,2.0
3153,10.0
3154,0.0
3155,49.0
3156,13.0
3157,3.0
3158,5.0
3159,12.0
3160,1.0
3161,5.0
3162,39.0
3163,2.0
3164,0.0
3165,0.0
3166,18.0
3167,44.0
3168,4.0
3169,22.0
3170,7.0
3171,5.0
3172,28.0
3173,0.0
3174,2.0
3175,5.0
3176,8.0
3177,0.0
3178,1.0
3179,2.0
3180,4.0
3181,2.0
3182,9.0
3183,0.0
3184,4.0
3185,1.0
3186,0.0
3187,8.0
3188,2.0
3189,33.0
3190,29.0
3191,0.0
3192,4.0
3193,1.0
3194,0.0
3195,1.0
3196,1.0
3197,1.0
3198,3.0
3199,4.0
3200,0.0
3201,9.0
3202,27.0
3203,12.0
3204,5.0
3205,8.0
3206,4.0
3207,0.0
3208,1.0
3209,13.0
3210,5.0
3211,19.0
3212,2.0
3213,44.0
3214,2.0
3215,2.0
3216,41.0
3217,1.0
3218,38.0
3219,10.0
3220,34.0
3221,25.0
3222,11.0
3223,3.0
3224,1.0
3225,3.0
3226,1.0
3227,2.0
3228,13.0
3229,23.0
3230,0.0
3231,11.0
3232,1.0
3233,1.0
3234,3.0
3235,1.0
3236,40.0
3237,20.0
3238,13.0
3239,22.0
3240,1.0
3241,0.0
3242,2.0
3243,12.0
3244,1.0
3245,0.0
3246,24.0
3247,22.0
3248,36.0
3249,16.0
3250,47.0
3251,1.0
3252,0.0
3253,20.0
3254,2.0
3255,17.0
3256,31.0
3257,18.0
3258,26.0
3259,2.0
3260,15.0
3261,4.0
3262,2.0
3263,3.0
3264,1.0
3265,41.0
3266,47.0
3267,27.0
3268,26.0
3269,6.0
3270,27.0
3271,1.0
3272,8.0
3273,3.0
3274,1.0
3275,38.0
3276,40.0
3277,1.0
3278,0.0
3279,6.0
3280,29.0
3281,10.0
3282,8.0
3283,0.0
3284,2.0
3285,2.0
3286,9.0
3287,2.0
3288,46.0
3289,5.0
3290,22.0
3291,11.0
3292,4.0
3293,7.0
3294,0.0
3295,1.0
3296,1.0
3297,10.0
3298,19.0
3299,1.0
3300,3.0
3301,1.0
3302,38.0
3303,5.0
3304,1.0
3305,37.0
3306,3.0
3307,47.0
3308,26.0
3309,33.0
3310,1.0
3311,28.0
3312,1.0
3313,24.0
3314,5.0
3315,4.0
3316,1.0
3317,25.0
3318,1.0
3319,1.0
3320,8.0
3321,1.0
3322,4.0
3323,13.0
3324,7.0
3325,43.0
3326,42.0
3327,1.0
3328,14.0
3329,30.0
3330,0.0
3331,1.0
3332,1.0
3333,5.0
3334,3.0
3335,0.0
3336,7.0
3337,16.0
3338,1.0
3339,46.0
3340,8.0
3341,1.0
3342,2.0
3343,25.0
3344,0.0
3345,23.0
3346,13.0
3347,14.0
3348,23.0
3349,1.0
3350,0.0
3351,15.0
3352,1.0
3353,13.0
3354,12.0
3355,18.0
3356,5.0
3357,11.0
3358,0.0
3359,15.0
3360,41.0
3361,0.0
3362,36.0
3363,14.0
3364,5.0
3365,22.0
3366,1.0
3367,17.0
3368,21.0
3369,2.0
3370,1.0
3371,16.0
3372,7.0
3373,2.0
3374,6.0
3375,4.0
3376,2.0
3377,9.0
3378,1.0
3379,6.0
3380,1.0
3381,32.0
3382,13.0
3383,1.0
3384,9.0
3385,10.0
3386,1.0
3387,12.0
3388,3.0
3389,23.0
3390,44.0
3391,19.0
3392,1.0
3393,21.0
3394,10.0
3395,48.0
3396,1.0
3397,7.0
3398,0.0
3399,4.0
3400,6.0
3401,0.0
3402,0.0
3403,3.0
3404,0.0
3405,1.0
3406,2.0
3407,17.0
3408,0.0
3409,0.0
3410,4.0
3411,1.0
3412,8.0
3413,5.0
3414,1.0
3415,1.0
3416,1.0
3417,3.0
3418,2.0
3419,1.0
3420,7.0
3421,8.0
3422,18.0
3423,7.0
3424,1.0
3425,1.0
3426,9.0
3427,38.0
3428,6.0
3429,1.0
3430,32.0
3431,10.0
3432,1.0
3433,10.0
3434,47.0
3435,36.0
3436,14.0
3437,44.0
3438,1.0
3439,2.0
3440,9.0
3441,21.0
3442,0.0
3443,3.0
3444,1.0
3445,1.0
3446,17.0
3447,1.0
3448,0.0
3449,3.0
3450,15.0
3451,0.0
3452,16.0
3453,2.0
3454,3.0
3455,5.0
3456,1.0
3457,9.0
3458,28.0
3459,1.0
3460,4.0
3461,39.0
3462,1.0
3463,48.0
3464,10.0
3465,30.0
3466,8.0
3467,31.0
3468,12.0
3469,6.0
3470,2.0
3471,3.0
3472,0.0
3473,19.0
3474,3.0
3475,0.0
3476,8.0
3477,11.0
3478,3.0
3479,6.0
3480,7.0
3481,7.0
3482,1.0
3483,47.0
3484,7.0
3485,12.0
3486,1.0
3487,1.0
3488,27.0
3489,2.0
3490,14.0
3491,39.0
3492,7.0
3493,24.0
3494,1.0
3495,8.0
3496,2.0
3497,44.0
3498,11.0
3499,5.0
3500,36.0
3501,1.0
3502,1.0
3503,1.0
3504,29.0
3505,1.0
3506,48.0
3507,1.0
3508,5.0
3509,1.0
3510,1.0
3511,45.0
3512,2.0
3513,0.0
3514,0.0
3515,17.0
3516,47.0
3517,16.0
3518,4.0
3519,43.0
3520,3.0
3521,12.0
3522,14.0
3523,1.0
3524,1.0
3525,14.0
3526,9.0
3527,1.0
3528,0.0
3529,3.0
3530,11.0
3531,6.0
3532,6.0
3533,18.0
3534,1.0
3535,3.0
3536,14.0
3537,4.0
3538,1.0
3539,3.0
3540,2.0
3541,0.0
3542,11.0
3543,3.0
3544,0.0
3545,27.0
3546,19.0
3547,1.0
3548,47.0
3549,1.0
3550,19.0
3551,1.0
3552,4.0
3553,3.0
3554,1.0
3555,28.0
3556,2.0
3557,3.0
3558,1.0
3559,3.0
3560,4.0
3561,26.0
3562,6.0
3563,6.0
3564,1.0
3565,1.0
3566,7.0
3567,12.0
3568,6.0
3569,3.0
3570,2.0
3571,0.0
3572,1.0
3573,8.0
3574,1.0
3575,8.0
3576,0.0
3577,9.0
3578,7.0
3579,20.0
3580,25.0
3581,32.0
3582,7.0
3583,1.0
3584,0.0
3585,0.0
3586,6.0
3587,0.0
3588,1.0
3589,2.0
3590,4.0
3591,0.0
3592,1.0
3593,3.0
3594,2.0
3595,17.0
3596,1.0
3597,4.0
3598,5.0
3599,35.0
3600,37.0
3601,28.0
3602,39.0
3603,2.0
3604,26.0
3605,0.0
3606,5.0
3607,5.0
3608,4.0
3609,2.0
3610,41.0
3611,4.0
3612,1.0
3613,2.0
3614,3.0
3615,2.0
3616,15.0
3617,5.0
3618,0.0
3619,4.0
3620,1.0
3621,1.0
3622,6.0
3623,2.0
3624,1.0
3625,10.0
3626,1.0
3627,43.0
3628,1.0
3629,3.0
3630,4.0
3631,3.0
3632,49.0
3633,45.0
3634,2.0
3635,44.0
3636,4.0
3637,1.0
3638,17.0
3639,2.0
3640,1.0
3641,22.0
3642,1.0
3643,44.0
3644,15.0
3645,33.0
3646,8.0
3647,11.0
3648,9.0
3649,5.0
3650,17.0
3651,9.0
3652,5.0
3653,2.0
3654,24.0
3655,26.0
3656,3.0
3657,6.0
3658,46.0
3659,9.0
3660,6.0
3661,14.0
3662,16.0
3663,25.0
3664,0.0
3665,1.0
3666,8.0
3667,8.0
3668,10.0
3669,15.0
3670,22.0
3671,22.0
3672,13.0
3673,2.0
3674,13.0
3675,8.0
3676,23.0
3677,20.0
3678,9.0
3679,6.0
3680,1.0
3681,7.0
3682,36.0
3683,0.0
3684,2.0
3685,5.0
3686,7.0
3687,39.0
3688,3.0
3689,1.0
3690,4.0
3691,22.0
3692,1.0
3693,9.0
3694,2.0
3695,1.0
3696,10.0
3697,0.0
3698,1.0
3699,7.0
3700,1.0
3701,4.0
3702,19.0
3703,14.0
3704,25.0
3705,0.0
3706,1.0
3707,1.0
3708,2.0
3709,20.0
3710,9.0
3711,1.0
3712,1.0
3713,0.0
3714,2.0
3715,7.0
3716,2.0
3717,11.0
3718,0.0
3719,28.0
3720,9.0
3721,1.0
3722,4.0
3723,0.0
3724,4.0
3725,5.0
3726,8.0
3727,2.0
3728,9.0
3729,21.0
3730,4.0
3731,22.0
3732,7.0
3733,4.0
3734,34.0
3735,13.0
3736,5.0
3737,5.0
3738,24.0
3739,2.0
3740,26.0
3741,6.0
3742,1.0
3743,10.0
3744,2.0
3745,1.0
3746,18.0
3747,32.0
3748,1.0
3749,2.0
3750,5.0
3751,11.0
3752,5.0
3753,3.0
3754,39.0
3755,31.0
3756,24.0
3757,2.0
3758,1.0
3759,48.0
3760,2.0
3761,16.0
3762,2.0
3763,3.0
3764,1.0
3765,14.0
3766,11.0
3767,1.0
3768,21.0
3769,1.0
3770,4.0
3771,16.0
3772,7.0
3773,1.0
3774,15.0
3775,0.0
3776,3.0
3777,7.0
3778,1.0
3779,10.0
3780,15.0
3781,1.0
3782,4.0
3783,0.0
3784,18.0
3785,0.0
3786,11.0
3787,5.0
3788,4.0
3789,35.0
3790,7.0
3791,2.0
3792,2.0
3793,2.0
3794,0.0
3795,2.0
3796,0.0
3797,10.0
3798,23.0
3799,1.0
3800,5.0
3801,1.0
3802,2.0
3803,1.0
3804,2.0
3805,40.0
3806,40.0
3807,1.0
3808,1.0
3809,7.0
3810,1.0
3811,34.0
3812,0.0
3813,2.0
3814,27.0
3815,1.0
3816,0.0
3817,25.0
3818,25.0
3819,26.0
3820,10.0
3821,19.0
3822,49.0
3823,31.0
3824,1.0
3825,1.0
3826,6.0
3827,7.0
3828,9.0
3829,47.0
3830,1.0
3831,3.0
3832,3.0
3833,2.0
3834,34.0
3835,6.0
3836,4.0
3837,2.0
3838,5.0
3839,1.0
3840,6.0
3841,24.0
3842,43.0
3843,17.0
3844,1.0
3845,1.0
3846,24.0
3847,1.0
3848,9.0
3849,2.0
3850,1.0
3851,2.0
3852,16.0
3853,0.0
3854,16.0
3855,2.0
3856,24.0
3857,2.0
3858,23.0
3859,1.0
3860,0.0
3861,2.0
3862,11.0
3863,1.0
3864,34.0
3865,20.0
3866,1.0
3867,5.0
3868,41.0
3869,32.0
3870,38.0
3871,2.0
3872,20.0
3873,35.0
3874,1.0
3875,0.0
3876,3.0
3877,28.0
3878,3.0
3879,21.0
3880,2.0
3881,38.0
3882,2.0
3883,6.0
3884,7.0
3885,23.0
3886,1.0
3887,24.0
3888,3.0
3889,2.0
3890,3.0
3891,47.0
3892,3.0
3893,10.0
3894,16.0
3895,1.0
3896,4.0
3897,0.0
3898,7.0
3899,47.0
3900,0.0
3901,1.0
3902,21.0
3903,18.0
3904,2.0
3905,2.0
3906,3.0
3907,2.0
3908,1.0
3909,35.0
3910,29.0
3911,7.0
3912,7.0
3913,1.0
3914,37.0
3915,3.0
3916,2.0
3917,2.0
3918,29.0
3919,2.0
3920,19.0
3921,1.0
3922,8.0
3923,1.0
3924,25.0
3925,0.0
3926,0.0
3927,30.0
3928,8.0
3929,4.0
3930,5.0
3931,28.0
3932,1.0
3933,5.0
3934,1.0
3935,0.0
3936,1.0
3937,16.0
3938,48.0
3939,10.0
3940,19.0
3941,2.0
3942,2.0
3943,2.0
3944,11.0
3945,1.0
3946,17.0
3947,2.0
3948,13.0
3949,1.0
3950,2.0
3951,2.0
3952,2.0
3953,21.0
3954,2.0
3955,24.0
3956,0.0
3957,45.0
3958,11.0
3959,5.0
3960,6.0
3961,8.0
3962,3.0
3963,9.0
3964,6.0
3965,1.0
3966,8.0
3967,0.0
3968,29.0
3969,22.0
3970,2.0
3971,1.0
3972,22.0
3973,7.0
3974,1.0
3975,2.0
3976,46.0
3977,9.0
3978,33.0
3979,37.0
3980,5.0
3981,9.0
3982,1.0
3983,41.0
3984,1.0
3985,0.0
3986,9.0
3987,27.0
3988,13.0
3989,1.0
3990,1.0
3991,17.0
3992,1.0
3993,1.0
3994,1.0
3995,25.0
3996,1.0
3997,0.0
3998,1.0
3999,40.0
4000,3.0
4001,0.0
4002,0.0
4003,1.0
4004,13.0
4005,1.0
4006,2.0
4007,1.0
4008,6.0
4009,2.0
4010,5.0
4011,2.0
4012,10.0
4013,1.0
4014,0.0
4015,14.0
4016,33.0
4017,2.0
4018,6.0
4019,21.0
4020,9.0
4021,2.0
4022,3.0
4023,0.0
4024,9.0
4025,1.0
4026,18.0
4027,39.0
4028,3.0
4029,8.0
4030,1.0
4031,12.0
4032,4.0
4033,49.0
4034,15.0
4035,2.0
4036,8.0
4037,1.0
4038,1.0
4039,24.0
4040,1.0
4041,1.0
4042,46.0
4043,12.0
4044,5.0
4045,3.0
4046,1.0
4047,3.0
4048,10.0
4049,26.0
4050,9.0
4051,0.0
4052,34.0
4053,24.0
4054,1.0
4055,1.0
4056,21.0
4057,13.0
4058,4.0
4059,6.0
4060,7.0
4061,41.0
4062,7.0
4063,1.0
4064,2.0
4065,2.0
4066,5.0
4067,0.0
4068,11.0
4069,2.0
4070,7.0
4071,1.0
4072,15.0
4073,1.0
4074,10.0
4075,11.0
4076,2.0
4077,1.0
4078,0.0
4079,1.0
4080,2.0
4081,2.0
4082,18.0
4083,2.0
4084,2.0
4085,3.0
4086,45.0
4087,1.0
4088,0.0
4089,1.0
4090,4.0
4091,2.0
4092,13.0
4093,11.0
4094,7.0
4095,16.0
4096,8.0
4097,3.0
4098,2.0
4099,42.0
4100,36.0
4101,1.0
4102,19.0
4103,6.0
4104,20.0
4105,2.0
4106,1.0
4107,1.0
4108,2.0
4109,2.0
4110,28.0
4111,29.0
4112,1.0
4113,38.0
4114,1.0
4115,7.0
4116,24.0
4117,6.0
4118,5.0
4119,2.0
4120,13.0
4121,4.0
4122,0.0
4123,13.0
4124,1.0
4125,30.0
4126,23.0
4127,0.0
4128,4.0
4129,1.0
4130,1.0
4131,2.0
4132,14.0
4133,35.0
4134,13.0
4135,17.0
4136,6.0
4137,35.0
4138,1.0
4139,2.0
4140,0.0
4141,0.0
4142,5.0
4143,1.0
4144,6.0
4145,0.0
4146,38.0
4147,2.0
4148,6.0
4149,3.0
4150,2.0
4151,2.0
4152,1.0
4153,7.0
4154,0.0
4155,5.0
4156,8.0
4157,26.0
4158,2.0
4159,9.0
4160,0.0
4161,21.0
4162,25.0
4163,12.0
4164,5.0
4165,33.0
4166,1.0
4167,2.0
4168,17.0
4169,32.0
4170,8.0
4171,1.0
4172,15.0
4173,3.0
4174,0.0
4175,1.0
4176,2.0
4177,0.0
4178,6.0
4179,0.0
4180,2.0
4181,4.0
4182,40.0
4183,0.0
4184,0.0
4185,15.0
4186,1.0
4187,1.0
4188,31.0
4189,3.0
4190,0.0
4191,32.0
4192,4.0
4193,21.0
4194,1.0
4195,4.0
4196,14.0
4197,0.0
4198,10.0
4199,20.0
4200,1.0
4201,0.0
4202,27.0
4203,0.0
4204,15.0
4205,3.0
4206,0.0
4207,1.0
4208,1.0
4209,3.0
4210,3.0
4211,1.0
4212,1.0
4213,32.0
4214,5.0
4215,24.0
4216,6.0
4217,28.0
4218,2.0
4219,0.0
4220,5.0
4221,17.0
4222,1.0
4223,30.0
4224,10.0
4225,16.0
4226,36.0
4227,1.0
4228,0.0
4229,19.0
4230,21.0
4231,1.0
4232,2.0
4233,48.0
4234,7.0
4235,13.0
4236,1.0
4237,3.0
4238,1.0
4239,0.0
4240,1.0
4241,10.0
4242,2.0
4243,5.0
4244,9.0
4245,2.0
4246,1.0
4247,22.0
4248,10.0
4249,12.0
4250,43.0
4251,1.0
4252,22.0
4253,44.0
4254,3.0
4255,7.0
4256,8.0
4257,5.0
4258,12.0
4259,3.0
4260,27.0
4261,35.0
4262,1.0
4263,9.0
4264,1.0
4265,1.0
4266,3.0
4267,1.0
4268,5.0
4269,22.0
4270,2.0
4271,2.0
4272,14.0
4273,1.0
4274,3.0
4275,1.0
4276,7.0
4277,0.0
4278,1.0
4279,1.0
4280,18.0
4281,11.0
4282,6.0
4283,0.0
4284,0.0
4285,22.0
4286,1.0
4287,0.0
4288,16.0
4289,2.0
4290,23.0
4291,8.0
4292,1.0
4293,14.0
4294,4.0
4295,1.0
4296,5.0
4297,5.0
4298,8.0
4299,18.0
4300,0.0
4301,7.0
4302,6.0
4303,0.0
4304,15.0
4305,2.0
4306,21.0
4307,1.0
4308,11.0
4309,3.0
4310,25.0
4311,2.0
4312,8.0
4313,11.0
4314,1.0
4315,48.0
4316,0.0
4317,1.0
4318,15.0
4319,6.0
4320,4.0
4321,24.0
4322,1.0
4323,3.0
4324,1.0
4325,0.0
4326,6.0
4327,5.0
4328,9.0
4329,3.0
4330,1.0
4331,1.0
4332,1.0
4333,19.0
4334,9.0
4335,6.0
4336,0.0
4337,0.0
4338,10.0
4339,1.0
4340,1.0
4341,8.0
4342,1.0
4343,6.0
4344,2.0
4345,8.0
4346,34.0
4347,1.0
4348,2.0
4349,36.0
4350,15.0
4351,41.0
4352,2.0
4353,0.0
4354,3.0
4355,2.0
4356,2.0
4357,2.0
4358,1.0
4359,4.0
4360,1.0
4361,0.0
4362,17.0
4363,20.0
4364,3.0
4365,17.0
4366,7.0
4367,24.0
4368,1.0
4369,2.0
4370,39.0
4371,0.0
4372,8.0
4373,1.0
4374,2.0
4375,26.0
4376,5.0
4377,13.0
4378,9.0
4379,2.0
4380,18.0
4381,2.0
4382,9.0
4383,0.0
4384,2.0
4385,5.0
4386,4.0
4387,6.0
4388,40.0
4389,4.0
4390,33.0
4391,34.0
4392,34.0
4393,20.0
4394,1.0
4395,13.0
4396,10.0
4397,25.0
4398,6.0
4399,13.0
4400,2.0
4401,6.0
4402,1.0
4403,19.0
4404,4.0
4405,10.0
4406,1.0
4407,4.0
4408,0.0
4409,0.0
4410,2.0
4411,34.0
4412,6.0
4413,2.0
4414,24.0
4415,0.0
4416,31.0
4417,4.0
4418,31.0
4419,45.0
4420,1.0
4421,0.0
4422,2.0
4423,0.0
4424,1.0
4425,11.0
4426,5.0
4427,3.0
4428,29.0
4429,4.0
4430,8.0
4431,0.0
4432,1.0
4433,2.0
4434,9.0
4435,3.0
4436,19.0
4437,1.0
4438,4.0
4439,32.0
4440,1.0
4441,3.0
4442,6.0
4443,0.0
4444,27.0
4445,4.0
4446,1.0
4447,8.0
4448,3.0
4449,7.0
4450,30.0
4451,39.0
4452,37.0
4453,0.0
4454,35.0
4455,6.0
4456,2.0
4457,13.0
4458,27.0
4459,1.0
4460,3.0
4461,2.0
4462,4.0
4463,5.0
4464,2.0
4465,7.0
4466,0.0
4467,33.0
4468,16.0
4469,47.0
4470,5.0
4471,2.0
4472,2.0
4473,18.0
4474,48.0
4475,1.0
4476,0.0
4477,4.0
4478,8.0
4479,2.0
4480,3.0
4481,8.0
4482,24.0
4483,20.0
4484,3.0
4485,2.0
4486,10.0
4487,0.0
4488,12.0
4489,1.0
4490,11.0
4491,1.0
4492,10.0
4493,3.0
4494,2.0
4495,1.0
4496,2.0
4497,19.0
4498,37.0
4499,1.0
4500,0.0
4501,19.0
4502,17.0
4503,8.0
4504,10.0
4505,14.0
4506,5.0
4507,0.0
4508,7.0
4509,0.0
4510,26.0
4511,26.0
4512,35.0
4513,44.0
4514,11.0
4515,20.0
4516,18.0
4517,5.0
4518,1.0
4519,2.0
4520,2.0
4521,3.0
4522,4.0
4523,31.0
4524,2.0
4525,2.0
4526,0.0
4527,1.0
4528,0.0
4529,5.0
4530,27.0
4531,2.0
4532,1.0
4533,2.0
4534,19.0
4535,4.0
4536,2.0
4537,4.0
4538,2.0
4539,17.0
4540,1.0
4541,10.0
4542,3.0
4543,19.0
4544,1.0
4545,2.0
4546,15.0
4547,24.0
4548,1.0
4549,9.0
4550,1.0
4551,1.0
4552,1.0
4553,17.0
4554,4.0
4555,9.0
4556,11.0
4557,33.0
4558,6.0
4559,4.0
4560,0.0
4561,22.0
4562,23.0
4563,3.0
4564,2.0
4565,22.0
4566,26.0
4567,1.0
4568,0.0
4569,47.0
4570,10.0
4571,6.0
4572,6.0
4573,2.0
4574,14.0
4575,42.0
4576,1.0
4577,38.0
4578,4.0
4579,1.0
4580,3.0
4581,12.0
4582,1.0
4583,16.0
4584,38.0
4585,10.0
4586,1.0
4587,2.0
4588,1.0
4589,10.0
4590,4.0
4591,11.0
4592,8.0
4593,28.0
4594,10.0
4595,0.0
4596,1.0
4597,1.0
4598,1.0
4599,2.0
4600,3.0
4601,2.0
4602,6.0
4603,6.0
4604,2.0
4605,1.0
4606,4.0
4607,0.0
4608,24.0
4609,1.0
4610,1.0
4611,2.0
4612,1.0
4613,19.0
4614,29.0
4615,2.0
4616,0.0
4617,12.0
4618,22.0
4619,7.0
4620,4.0
4621,37.0
4622,16.0
4623,1.0
4624,3.0
4625,1.0
4626,4.0
4627,2.0
4628,26.0
4629,11.0
4630,0.0
4631,19.0
4632,3.0
4633,43.0
4634,1.0
4635,2.0
4636,13.0
4637,15.0
4638,5.0
4639,2.0
4640,4.0
4641,2.0
4642,29.0
4643,3.0
4644,0.0
4645,0.0
4646,3.0
4647,2.0
4648,3.0
4649,2.0
4650,1.0
4651,14.0
4652,29.0
4653,1.0
4654,8.0
4655,31.0
4656,1.0
4657,1.0
4658,1.0
4659,4.0
4660,0.0
4661,36.0
4662,20.0
4663,6.0
4664,12.0
4665,1.0
4666,2.0
4667,2.0
4668,2.0
4669,28.0
4670,5.0
4671,0.0
4672,0.0
4673,14.0
4674,2.0
4675,6.0
4676,2.0
4677,37.0
4678,1.0
4679,18.0
4680,0.0
4681,2.0
4682,2.0
4683,4.0
4684,20.0
4685,7.0
4686,4.0
4687,31.0
4688,2.0
4689,2.0
4690,0.0
4691,0.0
4692,1.0
4693,4.0
4694,1.0
4695,7.0
4696,1.0
4697,2.0
4698,4.0
4699,2.0
4700,4.0
4701,0.0
4702,10.0
4703,6.0
4704,0.0
4705,1.0
4706,41.0
4707,7.0
4708,1.0
4709,1.0
4710,1.0
4711,1.0
4712,0.0
4713,13.0
4714,21.0
4715,0.0
4716,3.0
4717,3.0
4718,2.0
4719,17.0
4720,14.0
4721,0.0
4722,4.0
4723,3.0
4724,6.0
4725,1.0
4726,11.0
4727,2.0
4728,8.0
4729,6.0
4730,18.0
4731,3.0
4732,25.0
4733,0.0
4734,42.0
4735,14.0
4736,5.0
4737,1.0
4738,1.0
4739,33.0
4740,1.0
4741,2.0
4742,16.0
4743,26.0
4744,0.0
4745,2.0
4746,1.0
4747,1.0
4748,2.0
4749,1.0
4750,2.0
4751,4.0
4752,23.0
4753,1.0
4754,0.0
4755,27.0
4756,1.0
4757,8.0
4758,4.0
4759,3.0
4760,38.0
4761,6.0
4762,2.0
4763,29.0
4764,43.0
4765,21.0
4766,1.0
4767,28.0
4768,1.0
4769,10.0
4770,19.0
4771,26.0
4772,0.0
4773,6.0
4774,4.0
4775,28.0
4776,36.0
4777,3.0
4778,14.0
4779,0.0
4780,6.0
4781,1.0
4782,14.0
4783,23.0
4784,1.0
4785,1.0
4786,9.0
4787,6.0
4788,17.0
4789,13.0
4790,1.0
4791,1.0
4792,0.0
4793,1.0
4794,8.0
4795,1.0
4796,0.0
4797,1.0
4798,1.0
4799,1.0
4800,5.0
4801,5.0
4802,1.0
4803,1.0
4804,29.0
4805,5.0
4806,15.0
4807,2.0
4808,9.0
4809,23.0
4810,4.0
4811,0.0
4812,39.0
4813,13.0
4814,1.0
4815,7.0
4816,0.0
4817,3.0
4818,16.0
4819,1.0
4820,22.0
4821,2.0
4822,5.0
4823,4.0
4824,2.0
4825,12.0
4826,19.0
4827,0.0
4828,1.0
4829,2.0
4830,12.0
4831,9.0
4832,35.0
4833,20.0
4834,1.0
4835,4.0
4836,2.0
4837,10.0
4838,1.0
4839,21.0
4840,2.0
4841,10.0
4842,11.0
4843,0.0
4844,9.0
4845,2.0
4846,2.0
4847,3.0
4848,12.0
4849,2.0
4850,1.0
4851,2.0
4852,14.0
4853,1.0
4854,31.0
4855,3.0
4856,10.0
4857,2.0
4858,25.0
4859,2.0
4860,18.0
4861,2.0
4862,1.0
4863,1.0
4864,0.0
4865,33.0
4866,27.0
4867,0.0
4868,0.0
4869,32.0
4870,5.0
4871,1.0
4872,4.0
4873,0.0
4874,5.0
4875,6.0
4876,0.0
4877,34.0
4878,3.0
4879,0.0
4880,37.0
4881,34.0
4882,2.0
4883,8.0
4884,36.0
4885,3.0
4886,17.0
4887,2.0
4888,19.0
4889,1.0
4890,29.0
4891,7.0
4892,2.0
4893,17.0
4894,3.0
4895,2.0
4896,2.0
4897,1.0
4898,44.0
4899,2.0
4900,10.0
4901,19.0
4902,2.0
4903,4.0
4904,2.0
4905,3.0
4906,1.0
4907,16.0
4908,6.0
4909,11.0
4910,1.0
4911,30.0
4912,35.0
4913,29.0
4914,15.0
4915,5.0
4916,8.0
4917,0.0
4918,14.0
4919,15.0
4920,5.0
4921,28.0
4922,0.0
4923,25.0
4924,8.0
4925,4.0
4926,20.0
4927,37.0
4928,3.0
4929,1.0
4930,21.0
4931,10.0
4932,10.0
4933,46.0
4934,9.0
4935,36.0
4936,24.0
4937,1.0
4938,14.0
4939,3.0
4940,26.0
4941,1.0
4942,1.0
4943,18.0
4944,0.0
4945,3.0
4946,24.0
4947,8.0
4948,8.0
4949,0.0
4950,10.0
4951,27.0
4952,1.0
4953,2.0
4954,4.0
4955,1.0
4956,0.0
4957,17.0
4958,2.0
4959,3.0
4960,8.0
4961,2.0
4962,22.0
4963,22.0
4964,8.0
4965,24.0
4966,16.0
4967,1.0
4968,2.0
4969,45.0
4970,3.0
4971,7.0
4972,49.0
4973,0.0
4974,4.0
4975,1.0
4976,3.0
4977,3.0
4978,2.0
4979,28.0
4980,0.0
4981,12.0
4982,2.0
4983,12.0
4984,47.0
4985,13.0
4986,2.0
4987,6.0
4988,8.0
4989,3.0
4990,24.0
4991,2.0
4992,5.0
4993,12.0
4994,3.0
4995,19.0
4996,1.0
4997,3.0
4998,41.0
4999,38.0
5000,6.0
5001,24.0
5002,1.0
5003,33.0
5004,14.0
5005,10.0
5006,1.0
5007,35.0
5008,1.0
5009,40.0
5010,7.0
5011,26.0
5012,1.0
5013,9.0
5014,15.0
5015,21.0
5016,1.0
5017,37.0
5018,12.0
5019,6.0
5020,17.0
5021,0.0
5022,0.0
5023,11.0
5024,3.0
5025,2.0
5026,29.0
5027,9.0
5028,5.0
5029,1.0
5030,16.0
5031,10.0
5032,1.0
5033,38.0
5034,48.0
5035,27.0
5036,4.0
5037,2.0
5038,3.0
5039,0.0
5040,1.0
5041,3.0
5042,38.0
5043,0.0
5044,37.0
5045,32.0
5046,8.0
5047,10.0
5048,2.0
5049,1.0
5050,5.0
5051,0.0
5052,3.0
5053,3.0
5054,3.0
5055,30.0
5056,0.0
5057,0.0
5058,1.0
5059,6.0
5060,1.0
5061,2.0
5062,4.0
5063,15.0
5064,19.0
5065,8.0
5066,15.0
5067,0.0
5068,5.0
5069,1.0
5070,6.0
5071,11.0
5072,19.0
5073,2.0
5074,10.0
5075,0.0
5076,38.0
5077,18.0
5078,14.0
5079,1.0
5080,3.0
5081,8.0
5082,6.0
5083,0.0
5084,7.0
5085,14.0
5086,34.0
5087,27.0
5088,26.0
5089,8.0
5090,2.0
5091,21.0
5092,32.0
5093,10.0
5094,13.0
5095,0.0
5096,31.0
5097,8.0
5098,1.0
5099,1.0
5100,39.0
5101,39.0
5102,39.0
5103,6.0
5104,1.0
5105,6.0
5106,1.0
5107,8.0
5108,1.0
5109,5.0
5110,2.0
5111,1.0
5112,0.0
5113,2.0
5114,4.0
5115,18.0
5116,30.0
5117,2.0
5118,7.0
5119,1.0
5120,1.0
5121,0.0
5122,0.0
5123,9.0
5124,1.0
5125,1.0
5126,7.0
5127,10.0
5128,1.0
5129,2.0
5130,34.0
5131,1.0
5132,1.0
5133,3.0
5134,30.0
5135,24.0
5136,11.0
5137,0.0
5138,2.0
5139,1.0
5140,7.0
5141,14.0
5142,0.0
5143,4.0
5144,34.0
5145,4.0
5146,2.0
5147,0.0
5148,2.0
5149,3.0
5150,33.0
5151,0.0
5152,26.0
5153,5.0
5154,9.0
5155,12.0
5156,3.0
5157,12.0
5158,7.0
5159,21.0
5160,1.0
5161,3.0
5162,27.0
5163,0.0
5164,23.0
5165,18.0
5166,0.0
5167,2.0
5168,1.0
5169,21.0
5170,8.0
5171,10.0
5172,8.0
5173,5.0
5174,1.0
5175,11.0
5176,7.0
5177,3.0
5178,1.0
5179,13.0
5180,1.0
5181,3.0
5182,1.0
5183,1.0
5184,47.0
5185,1.0
5186,7.0
5187,37.0
5188,2.0
5189,4.0
5190,0.0
5191,22.0
5192,1.0
5193,13.0
5194,47.0
5195,6.0
5196,2.0
5197,1.0
5198,1.0
5199,14.0
5200,11.0
5201,1.0
5202,30.0
5203,1.0
5204,11.0
5205,25.0
5206,9.0
5207,15.0
5208,1.0
5209,2.0
5210,0.0
5211,6.0
5212,49.0
5213,2.0
5214,1.0
5215,37.0
5216,0.0
5217,3.0
5218,5.0
5219,1.0
5220,1.0
5221,5.0
5222,7.0
5223,10.0
5224,21.0
5225,1.0
5226,3.0
5227,1.0
5228,4.0
5229,12.0
5230,19.0
5231,1.0
5232,0.0
5233,0.0
5234,6.0
5235,23.0
5236,4.0
5237,1.0
5238,2.0
5239,1.0
5240,39.0
5241,1.0
5242,28.0
5243,0.0
5244,7.0
5245,2.0
5246,28.0
5247,26.0
5248,2.0
5249,16.0
5250,7.0
5251,4.0
5252,12.0
5253,2.0
5254,1.0
5255,29.0
5256,1.0
5257,20.0
5258,2.0
5259,4.0
5260,2.0
5261,2.0
5262,0.0
5263,3.0
5264,14.0
5265,1.0
5266,8.0
5267,3.0
5268,37.0
5269,6.0
5270,22.0
5271,46.0
5272,27.0
5273,47.0
5274,3.0
5275,1.0
5276,1.0
5277,11.0
5278,1.0
5279,1.0
5280,2.0
5281,45.0
5282,2.0
5283,1.0
5284,2.0
5285,2.0
5286,26.0
5287,3.0
5288,9.0
5289,6.0
5290,15.0
5291,2.0
5292,2.0
5293,4.0
5294,1.0
5295,40.0
5296,23.0
5297,3.0
5298,2.0
5299,6.0
5300,2.0
5301,2.0
5302,9.0
5303,25.0
5304,0.0
5305,38.0
5306,5.0
5307,0.0
5308,26.0
5309,0.0
5310,1.0
5311,5.0
5312,4.0
5313,0.0
5314,0.0
5315,19.0
5316,2.0
5317,36.0
5318,2.0
5319,38.0
5320,6.0
5321,25.0
5322,5.0
5323,8.0
5324,1.0
5325,16.0
5326,1.0
5327,2.0
5328,10.0
5329,1.0
5330,25.0
5331,38.0
5332,37.0
5333,2.0
5334,1.0
5335,0.0
5336,17.0
5337,0.0
5338,1.0
5339,2.0
5340,0.0
5341,10.0
5342,6.0
5343,1.0
5344,0.0
5345,12.0
5346,27.0
5347,6.0
5348,6.0
5349,3.0
5350,0.0
5351,12.0
5352,1.0
5353,2.0
5354,2.0
5355,25.0
5356,3.0
5357,7.0
5358,0.0
5359,32.0
5360,1.0
5361,1.0
5362,0.0
5363,0.0
5364,5.0
5365,0.0
5366,0.0
5367,2.0
5368,0.0
5369,4.0
5370,4.0
5371,4.0
5372,2.0
5373,2.0
5374,0.0
5375,0.0
5376,1.0
5377,14.0
5378,30.0
5379,1.0
5380,3.0
5381,6.0
5382,22.0
5383,31.0
5384,8.0
5385,2.0
5386,5.0
5387,0.0
5388,7.0
5389,1.0
5390,1.0
5391,23.0
5392,4.0
5393,1.0
5394,21.0
5395,17.0
5396,1.0
5397,16.0
5398,1.0
5399,15.0
5400,3.0
5401,0.0
5402,1.0
5403,3.0
5404,0.0
5405,1.0
5406,3.0
5407,5.0
5408,5.0
5409,13.0
5410,0.0
5411,17.0
5412,7.0
5413,9.0
5414,48.0
5415,1.0
5416,0.0
5417,12.0
5418,1.0
5419,1.0
5420,1.0
5421,21.0
5422,30.0
5423,1.0
5424,13.0
5425,2.0
5426,17.0
5427,8.0
5428,12.0
5429,9.0
5430,1.0
5431,34.0
5432,14.0
5433,6.0
5434,3.0
5435,1.0
5436,6.0
5437,1.0
5438,10.0
5439,1.0
5440,2.0
5441,48.0
5442,5.0
5443,11.0
5444,4.0
5445,5.0
5446,27.0
5447,0.0
5448,21.0
5449,4.0
5450,0.0
5451,6.0
5452,41.0
5453,16.0
5454,10.0
5455,22.0
5456,1.0
5457,2.0
5458,31.0
5459,0.0
5460,1.0
5461,10.0
5462,24.0
5463,0.0
5464,0.0
5465,1.0
5466,1.0
5467,2.0
5468,1.0
5469,12.0
5470,2.0
5471,2.0
5472,9.0
5473,23.0
5474,16.0
5475,5.0
5476,1.0
5477,42.0
5478,0.0
5479,1.0
5480,19.0
5481,0.0
5482,1.0
5483,0.0
5484,7.0
5485,8.0
5486,11.0
5487,0.0
5488,12.0
5489,8.0
5490,12.0
5491,1.0
5492,22.0
5493,6.0
5494,17.0
5495,37.0
5496,5.0
5497,1.0
5498,0.0
5499,1.0
5500,2.0
5501,0.0
5502,1.0
5503,5.0
5504,3.0
5505,1.0
5506,14.0
5507,23.0
5508,3.0
5509,0.0
5510,30.0
5511,18.0
5512,5.0
5513,4.0
5514,9.0
5515,22.0
5516,0.0
5517,37.0
5518,10.0
5519,12.0
5520,0.0
5521,25.0
5522,11.0
5523,3.0
5524,5.0
5525,1.0
5526,35.0
5527,15.0
5528,0.0
5529,1.0
5530,20.0
5531,0.0
5532,0.0
5533,25.0
5534,3.0
5535,1.0
5536,18.0
5537,9.0
5538,2.0
5539,3.0
5540,5.0
5541,19.0
5542,3.0
5543,0.0
5544,0.0
5545,2.0
5546,2.0
5547,4.0
5548,1.0
5549,0.0
5550,10.0
5551,3.0
5552,0.0
5553,1.0
5554,23.0
5555,6.0
5556,4.0
5557,17.0
5558,6.0
5559,1.0
5560,8.0
5561,1.0
5562,11.0
5563,1.0
5564,1.0
5565,7.0
5566,1.0
5567,22.0
5568,16.0
5569,13.0
5570,20.0
5571,0.0
5572,32.0
5573,1.0
5574,34.0
5575,0.0
5576,2.0
5577,3.0
5578,13.0
5579,4.0
5580,15.0
5581,34.0
5582,18.0
5583,29.0
5584,13.0
5585,7.0
5586,2.0
5587,0.0
5588,5.0
5589,3.0
5590,11.0
5591,0.0
5592,19.0
5593,2.0
5594,12.0
5595,4.0
5596,25.0
5597,16.0
5598,5.0
5599,17.0
5600,12.0
5601,15.0
5602,8.0
5603,3.0
5604,1.0
5605,20.0
5606,20.0
5607,0.0
5608,2.0
5609,3.0
5610,29.0
5611,7.0
5612,46.0
5613,34.0
5614,1.0
5615,39.0
5616,12.0
5617,4.0
5618,22.0
5619,48.0
5620,12.0
5621,6.0
5622,19.0
5623,1.0
5624,1.0
5625,2.0
5626,5.0
5627,25.0
5628,0.0
5629,0.0
5630,4.0
5631,1.0
5632,24.0
5633,36.0
5634,2.0
5635,2.0
5636,1.0
5637,2.0
5638,4.0
5639,6.0
5640,6.0
5641,1.0
5642,49.0
5643,17.0
5644,0.0
5645,41.0
5646,2.0
5647,46.0
5648,5.0
5649,0.0
5650,0.0
5651,0.0
5652,2.0
5653,42.0
5654,1.0
5655,1.0
5656,23.0
5657,1.0
5658,27.0
5659,9.0
5660,9.0
5661,2.0
5662,8.0
5663,23.0
5664,1.0
5665,1.0
5666,0.0
5667,3.0
5668,6.0
5669,37.0
5670,0.0
5671,16.0
5672,20.0
5673,2.0
5674,0.0
5675,0.0
5676,17.0
5677,25.0
5678,25.0
5679,0.0
5680,14.0
5681,29.0
5682,12.0
5683,2.0
5684,29.0
5685,11.0
5686,1.0
5687,2.0
5688,42.0
5689,22.0
5690,1.0
5691,3.0
5692,0.0
5693,1.0
5694,20.0
5695,21.0
5696,2.0
5697,16.0
5698,30.0
5699,0.0
5700,24.0
5701,4.0
5702,1.0
5703,14.0
5704,16.0
5705,2.0
5706,0.0
5707,1.0
5708,2.0
5709,13.0
5710,21.0
5711,1.0
5712,2.0
5713,1.0
5714,7.0
5715,21.0
5716,3.0
5717,2.0
5718,14.0
5719,6.0
5720,41.0
5721,1.0
5722,4.0
5723,47.0
5724,5.0
5725,9.0
5726,3.0
5727,10.0
5728,12.0
5729,37.0
5730,26.0
5731,2.0
5732,13.0
5733,0.0
5734,1.0
5735,1.0
5736,8.0
5737,4.0
5738,2.0
5739,0.0
5740,29.0
5741,47.0
5742,5.0
5743,1.0
5744,4.0
5745,13.0
5746,15.0
5747,5.0
5748,0.0
5749,2.0
5750,8.0
5751,18.0
5752,20.0
5753,35.0
5754,1.0
5755,3.0
5756,9.0
5757,24.0
5758,4.0
5759,1.0
5760,1.0
5761,25.0
5762,1.0
5763,29.0
5764,22.0
5765,29.0
5766,25.0
5767,1.0
5768,1.0
5769,17.0
5770,16.0
5771,1.0
5772,2.0
5773,40.0
5774,14.0
5775,46.0
5776,18.0
5777,34.0
5778,44.0
5779,2.0
5780,0.0
5781,1.0
5782,1.0
5783,11.0
5784,2.0
5785,14.0
5786,2.0
5787,1.0
5788,24.0
5789,18.0
5790,33.0
5791,35.0
5792,26.0
5793,13.0
5794,43.0
5795,15.0
5796,3.0
5797,36.0
5798,6.0
5799,0.0
5800,4.0
5801,6.0
5802,16.0
5803,10.0
5804,0.0
5805,1.0
5806,2.0
5807,29.0
5808,24.0
5809,24.0
5810,7.0
5811,7.0
5812,4.0
5813,26.0
5814,0.0
5815,6.0
5816,1.0
5817,5.0
5818,2.0
5819,0.0
5820,9.0
5821,1.0
5822,0.0
5823,49.0
5824,2.0
5825,4.0
5826,0.0
5827,0.0
5828,28.0
5829,22.0
5830,10.0
5831,2.0
5832,8.0
5833,0.0
5834,8.0
5835,46.0
5836,3.0
5837,3.0
5838,0.0
5839,1.0
5840,3.0
5841,31.0
5842,0.0
5843,42.0
5844,5.0
5845,19.0
5846,27.0
5847,0.0
5848,1.0
5849,1.0
5850,3.0
5851,4.0
5852,3.0
5853,0.0
5854,24.0
5855,4.0
5856,2.0
5857,4.0
5858,3.0
5859,2.0
5860,4.0
5861,3.0
5862,10.0
5863,4.0
5864,28.0
5865,21.0
5866,4.0
5867,5.0
5868,0.0
5869,7.0
5870,20.0
5871,9.0
5872,35.0
5873,30.0
5874,49.0
5875,1.0
5876,3.0
5877,1.0
5878,25.0
5879,13.0
5880,1.0
5881,32.0
5882,1.0
5883,16.0
5884,12.0
5885,14.0
5886,2.0
5887,1.0
5888,3.0
5889,1.0
5890,18.0
5891,11.0
5892,13.0
5893,15.0
5894,1.0
5895,0.0
5896,12.0
5897,22.0
5898,0.0
5899,2.0
5900,1.0
5901,1.0
5902,7.0
5903,2.0
5904,0.0
5905,2.0
5906,28.0
5907,29.0
5908,10.0
5909,1.0
5910,1.0
5911,1.0
5912,2.0
5913,15.0
5914,28.0
5915,4.0
5916,2.0
5917,16.0
5918,1.0
5919,37.0
5920,1.0
5921,3.0
5922,0.0
5923,48.0
5924,19.0
5925,1.0
5926,4.0
5927,1.0
5928,9.0
5929,4.0
5930,3.0
5931,2.0
5932,8.0
5933,20.0
5934,27.0
5935,0.0
5936,1.0
5937,0.0
5938,32.0
5939,28.0
5940,43.0
5941,3.0
5942,0.0
5943,15.0
5944,0.0
5945,0.0
5946,22.0
5947,0.0
5948,3.0
5949,22.0
5950,2.0
5951,1.0
5952,3.0
5953,20.0
5954,1.0
5955,1.0
5956,1.0
5957,3.0
5958,0.0
5959,2.0
5960,31.0
5961,48.0
5962,21.0
5963,27.0
5964,14.0
5965,1.0
5966,1.0
5967,5.0
5968,20.0
5969,11.0
5970,5.0
5971,2.0
5972,0.0
5973,45.0
5974,3.0
5975,3.0
5976,7.0
5977,23.0
5978,8.0
5979,2.0
5980,4.0
5981,0.0
5982,40.0
5983,0.0
5984,10.0
5985,21.0
5986,1.0
5987,1.0
5988,16.0
5989,8.0
5990,1.0
5991,1.0
5992,7.0
5993,11.0
5994,0.0
5995,31.0
5996,34.0
5997,22.0
5998,23.0
5999,33.0
6000,31.0
6001,2.0
6002,1.0
6003,13.0
6004,2.0
6005,14.0
6006,7.0
6007,1.0
6008,16.0
6009,36.0
6010,5.0
6011,1.0
6012,2.0
6013,9.0
6014,13.0
6015,11.0
6016,11.0
6017,4.0
6018,29.0
6019,3.0
6020,21.0
6021,27.0
6022,22.0
6023,0.0
6024,41.0
6025,1.0
6026,20.0
6027,1.0
6028,4.0
6029,10.0
6030,41.0
6031,1.0
6032,2.0
6033,13.0
6034,16.0
6035,0.0
6036,19.0
6037,0.0
6038,16.0
6039,2.0
6040,45.0
6041,2.0
6042,3.0
6043,1.0
6044,29.0
6045,4.0
6046,4.0
6047,35.0
6048,8.0
6049,1.0
6050,5.0
6051,16.0
6052,14.0
6053,1.0
6054,24.0
6055,6.0
6056,21.0
6057,3.0
6058,3.0
6059,10.0
6060,1.0
6061,4.0
6062,0.0
6063,1.0
6064,33.0
6065,1.0
6066,7.0
6067,38.0
6068,1.0
6069,49.0
6070,1.0
6071,6.0
6072,3.0
6073,6.0
6074,19.0
6075,0.0
6076,2.0
6077,1.0
6078,0.0
6079,35.0
6080,45.0
6081,5.0
6082,11.0
6083,6.0
6084,1.0
6085,33.0
6086,24.0
6087,1.0
6088,0.0
6089,46.0
6090,4.0
6091,48.0
6092,31.0
6093,1.0
6094,8.0
6095,29.0
6096,1.0
6097,8.0
6098,9.0
6099,0.0
6100,2.0
6101,1.0
6102,35.0
6103,3.0
6104,25.0
6105,3.0
6106,3.0
6107,3.0
6108,1.0
6109,11.0
6110,22.0
6111,5.0
6112,1.0
6113,2.0
6114,4.0
6115,5.0
6116,7.0
6117,1.0
6118,32.0
6119,24.0
6120,0.0
6121,4.0
6122,16.0
6123,19.0
6124,46.0
6125,9.0
6126,1.0
6127,7.0
6128,0.0
6129,18.0
6130,2.0
6131,13.0
6132,1.0
6133,18.0
6134,6.0
6135,3.0
6136,1.0
6137,9.0
6138,27.0
6139,25.0
6140,1.0
6141,48.0
6142,5.0
6143,0.0
6144,0.0
6145,1.0
6146,6.0
6147,1.0
6148,42.0
6149,0.0
6150,11.0
6151,1.0
6152,2.0
6153,28.0
6154,6.0
6155,9.0
6156,1.0
6157,3.0
6158,1.0
6159,9.0
6160,8.0
6161,44.0
6162,0.0
6163,39.0
6164,1.0
6165,26.0
6166,6.0
6167,2.0
6168,44.0
6169,5.0
6170,29.0
6171,1.0
6172,12.0
6173,0.0
6174,33.0
6175,30.0
6176,43.0
6177,29.0
6178,38.0
6179,1.0
6180,6.0
6181,1.0
6182,0.0
6183,2.0
6184,0.0
6185,2.0
6186,1.0
6187,1.0
6188,1.0
6189,47.0
6190,0.0
6191,8.0
6192,7.0
6193,5.0
6194,38.0
6195,2.0
6196,5.0
6197,2.0
6198,0.0
6199,1.0
6200,5.0
6201,19.0
6202,0.0
6203,5.0
6204,9.0
6205,2.0
6206,2.0
6207,1.0
6208,44.0
6209,2.0
6210,0.0
6211,1.0
6212,27.0
6213,4.0
6214,2.0
6215,3.0
6216,16.0
6217,47.0
6218,17.0
6219,0.0
6220,2.0
6221,8.0
6222,4.0
6223,7.0
6224,2.0
6225,5.0
6226,1.0
6227,1.0
6228,2.0
6229,0.0
6230,0.0
6231,46.0
6232,2.0
6233,0.0
6234,28.0
6235,1.0
6236,3.0
6237,1.0
6238,1.0
6239,9.0
6240,17.0
6241,3.0
6242,1.0
6243,1.0
6244,16.0
6245,15.0
6246,1.0
6247,20.0
6248,0.0
6249,2.0
6250,6.0
6251,0.0
6252,0.0
6253,31.0
6254,8.0
6255,1.0
6256,19.0
6257,1.0
6258,1.0
6259,0.0
6260,18.0
6261,1.0
6262,0.0
6263,0.0
6264,0.0
6265,1.0
6266,1.0
6267,14.0
6268,24.0
6269,1.0
6270,2.0
6271,19.0
6272,23.0
6273,40.0
6274,44.0
6275,10.0
6276,10.0
6277,0.0
6278,28.0
6279,4.0
6280,6.0
6281,2.0
6282,2.0
6283,9.0
6284,2.0
6285,5.0
6286,1.0
6287,5.0
6288,0.0
6289,14.0
6290,1.0
6291,3.0
6292,2.0
6293,19.0
6294,4.0
6295,18.0
6296,4.0
6297,5.0
6298,12.0
6299,0.0
6300,3.0
6301,1.0
6302,1.0
6303,1.0
6304,35.0
6305,1.0
6306,6.0
6307,1.0
6308,0.0
6309,40.0
6310,21.0
6311,24.0
6312,0.0
6313,2.0
6314,4.0
6315,2.0
6316,7.0
6317,4.0
6318,1.0
6319,11.0
6320,9.0
6321,3.0
6322,4.0
6323,0.0
6324,2.0
6325,7.0
6326,20.0
6327,1.0
6328,1.0
6329,0.0
6330,0.0
6331,0.0
6332,40.0
6333,5.0
6334,0.0
6335,1.0
6336,12.0
6337,32.0
6338,0.0
6339,33.0
6340,25.0
6341,1.0
6342,10.0
6343,0.0
6344,25.0
6345,40.0
6346,2.0
6347,9.0
6348,0.0
6349,0.0
6350,3.0
6351,11.0
6352,7.0
6353,2.0
6354,14.0
6355,4.0
6356,0.0
6357,0.0
6358,2.0
6359,1.0
6360,21.0
6361,1.0
6362,1.0
6363,2.0
6364,2.0
6365,4.0
6366,23.0
6367,1.0
6368,1.0
6369,34.0
6370,1.0
6371,2.0
6372,1.0
6373,8.0
6374,8.0
6375,9.0
6376,1.0
6377,2.0
6378,8.0
6379,1.0
6380,4.0
6381,3.0
6382,1.0
6383,17.0
6384,1.0
6385,10.0
6386,10.0
6387,27.0
6388,3.0
6389,1.0
6390,1.0
6391,1.0
6392,3.0
6393,2.0
6394,23.0
6395,4.0
6396,0.0
6397,8.0
6398,25.0
6399,1.0
6400,0.0
6401,12.0
6402,1.0
6403,3.0
6404,8.0
6405,7.0
6406,18.0
6407,3.0
6408,7.0
6409,3.0
6410,22.0
6411,10.0
6412,48.0
6413,1.0
6414,8.0
6415,9.0
6416,1.0
6417,2.0
6418,17.0
6419,17.0
6420,1.0
6421,0.0
6422,31.0
6423,17.0
6424,11.0
6425,1.0
6426,1.0
6427,18.0
6428,7.0
6429,28.0
6430,1.0
6431,1.0
6432,0.0
6433,5.0
6434,2.0
6435,0.0
6436,2.0
6437,1.0
6438,2.0
6439,8.0
6440,1.0
6441,1.0
6442,3.0
6443,21.0
6444,15.0
6445,20.0
6446,25.0
6447,18.0
6448,3.0
6449,1.0
6450,1.0
6451,35.0
6452,1.0
6453,1.0
6454,0.0
6455,3.0
6456,6.0
6457,8.0
6458,0.0
6459,8.0
6460,1.0
6461,0.0
6462,27.0
6463,9.0
6464,29.0
6465,7.0
6466,3.0
6467,0.0
6468,44.0
6469,28.0
6470,14.0
6471,3.0
6472,11.0
6473,16.0
6474,15.0
6475,4.0
6476,16.0
6477,4.0
6478,1.0
6479,1.0
6480,0.0
6481,10.0
6482,25.0
6483,0.0
6484,7.0
6485,2.0
6486,42.0
6487,4.0
6488,47.0
6489,2.0
6490,15.0
6491,0.0
6492,1.0
6493,6.0
6494,28.0
6495,0.0
6496,0.0
6497,32.0
6498,2.0
6499,7.0
6500,1.0
6501,2.0
6502,1.0
6503,1.0
6504,4.0
6505,0.0
6506,22.0
6507,1.0
6508,1.0
6509,16.0
6510,6.0
6511,0.0
6512,42.0
6513,43.0
6514,19.0
6515,13.0
6516,17.0
6517,14.0
6518,1.0
6519,16.0
6520,11.0
6521,26.0
6522,5.0
6523,2.0
6524,0.0
6525,37.0
6526,4.0
6527,15.0
6528,1.0
6529,1.0
6530,4.0
6531,1.0
6532,3.0
6533,1.0
6534,8.0
6535,32.0
6536,0.0
6537,4.0
6538,4.0
6539,1.0
6540,18.0
6541,5.0
6542,1.0
6543,1.0
6544,3.0
6545,9.0
6546,0.0
6547,30.0
6548,1.0
6549,1.0
6550,2.0
6551,5.0
6552,3.0
6553,35.0
6554,16.0
6555,4.0
6556,0.0
6557,0.0
6558,20.0
6559,8.0
6560,37.0
6561,29.0
6562,7.0
6563,1.0
6564,33.0
6565,8.0
6566,0.0
6567,19.0
6568,1.0
6569,1.0
6570,0.0
6571,13.0
6572,26.0
6573,1.0
6574,1.0
6575,28.0
6576,0.0
6577,21.0
6578,6.0
6579,1.0
6580,3.0
6581,5.0
6582,0.0
6583,6.0
6584,33.0
6585,0.0
6586,28.0
6587,30.0
6588,14.0
6589,0.0
6590,3.0
6591,37.0
6592,2.0
6593,46.0
6594,7.0
6595,0.0
6596,0.0
6597,2.0
6598,1.0
6599,2.0
6600,4.0
6601,1.0
6602,1.0
6603,4.0
6604,2.0
6605,6.0
6606,3.0
6607,34.0
6608,2.0
6609,22.0
6610,1.0
6611,14.0
6612,3.0
6613,1.0
6614,36.0
6615,10.0
6616,1.0
6617,5.0
6618,4.0
6619,30.0
6620,4.0
6621,3.0
6622,8.0
6623,28.0
6624,7.0
6625,0.0
6626,21.0
6627,18.0
6628,4.0
6629,0.0
6630,5.0
6631,1.0
6632,39.0
6633,34.0
6634,6.0
6635,0.0
6636,5.0
6637,4.0
6638,26.0
6639,1.0
6640,44.0
6641,11.0
6642,1.0
6643,2.0
6644,28.0
6645,1.0
6646,0.0
6647,27.0
6648,45.0
6649,3.0
6650,7.0
6651,0.0
6652,2.0
6653,1.0
6654,12.0
6655,48.0
6656,4.0
6657,4.0
6658,19.0
6659,4.0
6660,2.0
6661,28.0
6662,2.0
6663,1.0
6664,1.0
6665,4.0
6666,3.0
6667,1.0
6668,2.0
6669,12.0
6670,1.0
6671,1.0
6672,0.0
6673,2.0
6674,2.0
6675,6.0
6676,2.0
6677,4.0
6678,2.0
6679,1.0
6680,1.0
6681,0.0
6682,1.0
6683,0.0
6684,4.0
6685,0.0
6686,3.0
6687,30.0
6688,8.0
6689,0.0
6690,13.0
6691,0.0
6692,0.0
6693,3.0
6694,0.0
6695,42.0
6696,14.0
6697,4.0
6698,3.0
6699,1.0
6700,13.0
6701,19.0
6702,1.0
6703,1.0
6704,19.0
6705,0.0
6706,36.0
6707,20.0
6708,6.0
6709,17.0
6710,1.0
6711,11.0
6712,9.0
6713,6.0
6714,23.0
6715,40.0
6716,2.0
6717,27.0
6718,7.0
6719,1.0
6720,17.0
6721,3.0
6722,1.0
6723,1.0
6724,10.0
6725,18.0
6726,4.0
6727,8.0
6728,0.0
6729,2.0
6730,11.0
6731,28.0
6732,1.0
6733,19.0
6734,14.0
6735,13.0
6736,1.0
6737,9.0
6738,2.0
6739,33.0
6740,2.0
6741,39.0
6742,6.0
6743,16.0
6744,2.0
6745,41.0
6746,2.0
6747,45.0
6748,8.0
6749,35.0
6750,0.0
6751,0.0
6752,1.0
6753,11.0
6754,6.0
6755,4.0
6756,18.0
6757,0.0
6758,0.0
6759,5.0
6760,1.0
6761,7.0
6762,0.0
6763,15.0
6764,4.0
6765,0.0
6766,0.0
6767,21.0
6768,14.0
6769,3.0
6770,27.0
6771,2.0
6772,1.0
6773,4.0
6774,9.0
6775,5.0
6776,31.0
6777,14.0
6778,1.0
6779,24.0
6780,0.0
6781,16.0
6782,0.0
6783,26.0
6784,1.0
6785,0.0
6786,9.0
6787,16.0
6788,4.0
6789,10.0
6790,9.0
6791,8.0
6792,19.0
6793,15.0
6794,32.0
6795,1.0
6796,4.0
6797,3.0
6798,1.0
6799,7.0
6800,3.0
6801,5.0
6802,19.0
6803,16.0
6804,2.0
6805,12.0
6806,5.0
6807,17.0
6808,2.0
6809,0.0
6810,41.0
6811,1.0
6812,46.0
6813,1.0
6814,5.0
6815,0.0
6816,1.0
6817,15.0
6818,1.0
6819,5.0
6820,25.0
6821,2.0
6822,14.0
6823,36.0
6824,19.0
6825,1.0
6826,40.0
6827,42.0
6828,1.0
6829,29.0
6830,15.0
6831,1.0
6832,3.0
6833,1.0
6834,47.0
6835,0.0
6836,30.0
6837,6.0
6838,2.0
6839,7.0
6840,38.0
6841,0.0
6842,1.0
6843,33.0
6844,1.0
6845,1.0
6846,38.0
6847,1.0
6848,0.0
6849,0.0
6850,2.0
6851,5.0
6852,0.0
6853,10.0
6854,8.0
6855,1.0
6856,3.0
6857,2.0
6858,0.0
6859,0.0
6860,10.0
6861,13.0
6862,34.0
6863,11.0
6864,5.0
6865,4.0
6866,1.0
6867,2.0
6868,45.0
6869,0.0
6870,2.0
6871,1.0
6872,3.0
6873,22.0
6874,19.0
6875,32.0
6876,4.0
6877,1.0
6878,1.0
6879,13.0
6880,1.0
6881,15.0
6882,0.0
6883,9.0
6884,3.0
6885,6.0
6886,6.0
6887,38.0
6888,33.0
6889,3.0
6890,26.0
6891,2.0
6892,2.0
6893,1.0
6894,3.0
6895,10.0
6896,6.0
6897,1.0
6898,34.0
6899,23.0
6900,6.0
6901,0.0
6902,0.0
6903,7.0
6904,17.0
6905,18.0
6906,0.0
6907,2.0
6908,22.0
6909,14.0
6910,2.0
6911,1.0
6912,5.0
6913,21.0
6914,37.0
6915,0.0
6916,2.0
6917,1.0
6918,42.0
6919,5.0
6920,1.0
6921,17.0
6922,0.0
6923,36.0
6924,0.0
6925,1.0
6926,4.0
6927,48.0
6928,4.0
6929,2.0
6930,15.0
6931,0.0
6932,7.0
6933,1.0
6934,3.0
6935,1.0
6936,10.0
6937,8.0
6938,11.0
6939,16.0
6940,8.0
6941,34.0
6942,24.0
6943,14.0
6944,18.0
6945,27.0
6946,16.0
6947,9.0
6948,9.0
6949,12.0
6950,0.0
6951,10.0
6952,2.0
6953,48.0
6954,0.0
6955,1.0
6956,3.0
6957,9.0
6958,6.0
6959,7.0
6960,1.0
6961,16.0
6962,6.0
6963,28.0
6964,21.0
6965,2.0
6966,1.0
6967,2.0
6968,2.0
6969,30.0
6970,4.0
6971,0.0
6972,19.0
6973,1.0
6974,3.0
6975,5.0
6976,3.0
6977,38.0
6978,4.0
6979,0.0
6980,0.0
6981,47.0
6982,0.0
6983,1.0
6984,48.0
6985,0.0
6986,1.0
6987,15.0
6988,6.0
6989,1.0
6990,34.0
6991,2.0
6992,4.0
6993,14.0
6994,24.0
6995,0.0
6996,0.0
6997,27.0
6998,4.0
6999,4.0
7000,2.0
7001,5.0
7002,7.0
7003,0.0
7004,0.0
7005,2.0
7006,1.0
7007,45.0
7008,14.0
7009,5.0
7010,34.0
7011,0.0
7012,1.0
7013,0.0
7014,0.0
7015,11.0
7016,10.0
7017,26.0
7018,2.0
7019,8.0
7020,1.0
7021,22.0
7022,31.0
7023,30.0
7024,9.0
7025,19.0
7026,43.0
7027,3.0
7028,0.0
7029,18.0
7030,2.0
7031,12.0
7032,17.0
7033,18.0
7034,20.0
7035,15.0
7036,16.0
7037,4.0
7038,1.0
7039,1.0
7040,5.0
7041,32.0
7042,4.0
7043,1.0
7044,4.0
7045,27.0
7046,1.0
7047,27.0
7048,0.0
7049,22.0
7050,1.0
7051,1.0
7052,3.0
7053,0.0
7054,21.0
7055,0.0
7056,1.0
7057,4.0
7058,2.0
7059,3.0
7060,7.0
7061,5.0
7062,5.0
7063,0.0
7064,41.0
7065,25.0
7066,2.0
7067,11.0
7068,0.0
7069,49.0
7070,2.0
7071,4.0
7072,2.0
7073,1.0
7074,13.0
7075,1.0
7076,1.0
7077,14.0
7078,1.0
7079,1.0
7080,3.0
7081,1.0
7082,2.0
7083,11.0
7084,26.0
7085,35.0
7086,31.0
7087,21.0
7088,1.0
7089,3.0
7090,1.0
7091,0.0
7092,2.0
7093,45.0
7094,2.0
7095,38.0
7096,13.0
7097,28.0
7098,10.0
7099,3.0
7100,10.0
7101,40.0
7102,14.0
7103,41.0
7104,1.0
7105,2.0
7106,7.0
7107,7.0
7108,2.0
7109,8.0
7110,24.0
7111,6.0
7112,6.0
7113,8.0
7114,1.0
7115,1.0
7116,5.0
7117,36.0
7118,7.0
7119,26.0
7120,4.0
7121,2.0
7122,14.0
7123,1.0
7124,3.0
7125,7.0
7126,13.0
7127,15.0
7128,0.0
7129,15.0
7130,22.0
7131,4.0
7132,0.0
7133,25.0
7134,44.0
7135,0.0
7136,0.0
7137,9.0
7138,2.0
7139,30.0
7140,1.0
7141,25.0
7142,6.0
7143,3.0
7144,1.0
7145,7.0
7146,3.0
7147,2.0
7148,30.0
7149,0.0
7150,33.0
7151,11.0
7152,9.0
7153,2.0
7154,6.0
7155,11.0
7156,8.0
7157,24.0
7158,26.0
7159,2.0
7160,4.0
7161,21.0
7162,12.0
7163,1.0
7164,4.0
7165,8.0
7166,1.0
7167,1.0
7168,1.0
7169,0.0
7170,34.0
7171,0.0
7172,33.0
7173,2.0
7174,16.0
7175,2.0
7176,1.0
7177,4.0
7178,15.0
7179,18.0
7180,2.0
7181,5.0
7182,7.0
7183,2.0
7184,0.0
7185,36.0
7186,43.0
7187,1.0
7188,3.0
7189,13.0
7190,32.0
7191,6.0
7192,15.0
7193,0.0
7194,1.0
7195,40.0
7196,2.0
7197,49.0
7198,38.0
7199,6.0
7200,1.0
7201,37.0
7202,0.0
7203,1.0
7204,1.0
7205,0.0
7206,35.0
7207,0.0
7208,3.0
7209,0.0
7210,26.0
7211,1.0
7212,38.0
7213,20.0
7214,0.0
7215,0.0
7216,1.0
7217,8.0
7218,7.0
7219,0.0
7220,1.0
7221,0.0
7222,19.0
7223,16.0
7224,24.0
7225,6.0
7226,5.0
7227,1.0
7228,1.0
7229,44.0
7230,49.0
7231,4.0
7232,36.0
7233,3.0
7234,1.0
7235,0.0
7236,13.0
7237,3.0
7238,0.0
7239,41.0
7240,38.0
7241,1.0
7242,24.0
7243,1.0
7244,28.0
7245,7.0
7246,10.0
7247,0.0
7248,16.0
7249,3.0
7250,23.0
7251,1.0
7252,2.0
7253,14.0
7254,5.0
7255,3.0
7256,6.0
7257,39.0
7258,15.0
7259,2.0
7260,2.0
7261,1.0
7262,3.0
7263,0.0
7264,44.0
7265,42.0
7266,0.0
7267,0.0
7268,5.0
7269,4.0
7270,1.0
7271,0.0
7272,3.0
7273,7.0
7274,1.0
7275,5.0
7276,2.0
7277,15.0
7278,1.0
7279,1.0
7280,1.0
7281,6.0
7282,3.0
7283,18.0
7284,4.0
7285,3.0
7286,12.0
7287,15.0
7288,4.0
7289,2.0
7290,1.0
7291,33.0
7292,38.0
7293,13.0
7294,3.0
7295,15.0
7296,2.0
7297,8.0
7298,45.0
7299,8.0
7300,6.0
7301,3.0
7302,28.0
7303,1.0
7304,25.0
7305,1.0
7306,3.0
7307,0.0
7308,8.0
7309,6.0
7310,12.0
7311,47.0
7312,1.0
7313,12.0
7314,5.0
7315,8.0
7316,1.0
7317,3.0
7318,2.0
7319,34.0
7320,38.0
7321,8.0
7322,41.0
7323,19.0
7324,39.0
7325,2.0
7326,1.0
7327,11.0
7328,9.0
7329,2.0
7330,1.0
7331,26.0
7332,1.0
7333,2.0
7334,4.0
7335,2.0
7336,8.0
7337,0.0
7338,2.0
7339,27.0
7340,0.0
7341,9.0
7342,14.0
7343,0.0
7344,1.0
7345,3.0
7346,1.0
7347,40.0
7348,2.0
7349,31.0
7350,0.0
7351,23.0
7352,13.0
7353,1.0
7354,2.0
7355,6.0
7356,2.0
7357,32.0
7358,2.0
7359,3.0
7360,37.0
7361,1.0
7362,10.0
7363,1.0
7364,2.0
7365,36.0
7366,9.0
7367,0.0
7368,4.0
7369,3.0
7370,48.0
7371,3.0
7372,11.0
7373,1.0
7374,9.0
7375,1.0
7376,4.0
7377,2.0
7378,5.0
7379,4.0
7380,1.0
7381,2.0
7382,3.0
7383,45.0
7384,3.0
7385,14.0
7386,19.0
7387,4.0
7388,3.0
7389,15.0
7390,1.0
7391,1.0
7392,0.0
7393,0.0
7394,43.0
7395,0.0
7396,4.0
7397,40.0
7398,1.0
7399,2.0
7400,2.0
7401,1.0
7402,1.0
7403,2.0
7404,11.0
7405,13.0
7406,42.0
7407,7.0
7408,2.0
7409,1.0
7410,4.0
7411,11.0
7412,11.0
7413,1.0
7414,7.0
7415,4.0
7416,3.0
7417,28.0
7418,0.0
7419,45.0
7420,8.0
7421,8.0
7422,1.0
7423,33.0
7424,2.0
7425,29.0
7426,41.0
7427,8.0
7428,2.0
7429,17.0
7430,32.0
7431,19.0
7432,1.0
7433,31.0
7434,41.0
7435,1.0
7436,5.0
7437,43.0
7438,2.0
7439,1.0
7440,40.0
7441,9.0
7442,24.0
7443,15.0
7444,6.0
7445,0.0
7446,1.0
7447,8.0
7448,12.0
7449,0.0
7450,8.0
7451,0.0
7452,5.0
7453,18.0
7454,6.0
7455,32.0
7456,2.0
7457,0.0
7458,3.0
7459,14.0
7460,46.0
7461,0.0
7462,2.0
7463,26.0
7464,0.0
7465,3.0
7466,10.0
7467,16.0
7468,4.0
7469,10.0
7470,10.0
7471,11.0
7472,1.0
7473,27.0
7474,1.0
7475,1.0
7476,0.0
7477,38.0
7478,0.0
7479,15.0
7480,1.0
7481,0.0
7482,22.0
7483,0.0
7484,0.0
7485,5.0
7486,9.0
7487,2.0
7488,12.0
7489,11.0
7490,25.0
7491,1.0
7492,2.0
7493,0.0
7494,1.0
7495,0.0
7496,1.0
7497,2.0
7498,2.0
7499,1.0
7500,37.0
7501,0.0
7502,1.0
7503,17.0
7504,3.0
7505,16.0
7506,1.0
7507,16.0
7508,34.0
7509,0.0
7510,25.0
7511,27.0
7512,6.0
7513,1.0
7514,31.0
7515,3.0
7516,0.0
7517,1.0
7518,49.0
7519,2.0
7520,1.0
7521,6.0
7522,40.0
7523,17.0
7524,7.0
7525,20.0
7526,6.0
7527,0.0
7528,10.0
7529,2.0
7530,27.0
7531,19.0
7532,35.0
7533,4.0
7534,1.0
7535,16.0
7536,0.0
7537,18.0
7538,1.0
7539,16.0
7540,29.0
7541,2.0
7542,1.0
7543,0.0
7544,25.0
7545,7.0
7546,1.0
7547,15.0
7548,10.0
7549,10.0
7550,25.0
7551,23.0
7552,2.0
7553,4.0
7554,6.0
7555,0.0
7556,1.0
7557,3.0
7558,23.0
7559,2.0
7560,4.0
7561,2.0
7562,17.0
7563,25.0
7564,1.0
7565,2.0
7566,23.0
7567,0.0
7568,3.0
7569,12.0
7570,5.0
7571,7.0
7572,11.0
7573,13.0
7574,10.0
7575,21.0
7576,3.0
7577,27.0
7578,17.0
7579,0.0
7580,18.0
7581,10.0
7582,2.0
7583,7.0
7584,0.0
7585,2.0
7586,1.0
7587,2.0
7588,2.0
7589,3.0
7590,23.0
7591,3.0
7592,2.0
7593,9.0
7594,49.0
7595,1.0
7596,15.0
7597,3.0
7598,3.0
7599,1.0
7600,7.0
7601,9.0
7602,24.0
7603,1.0
7604,2.0
7605,4.0
7606,10.0
7607,1.0
7608,10.0
7609,2.0
7610,6.0
7611,2.0
7612,0.0
7613,2.0
7614,23.0
7615,2.0
7616,10.0
7617,1.0
7618,16.0
7619,12.0
7620,3.0
7621,0.0
7622,49.0
7623,12.0
7624,1.0
7625,7.0
7626,0.0
7627,35.0
7628,2.0
7629,0.0
7630,40.0
7631,7.0
7632,25.0
7633,25.0
7634,30.0
7635,8.0
7636,15.0
7637,8.0
7638,28.0
7639,10.0
7640,14.0
7641,1.0
7642,15.0
7643,20.0
7644,1.0
7645,17.0
7646,14.0
7647,16.0
7648,13.0
7649,3.0
7650,1.0
7651,23.0
7652,10.0
7653,40.0
7654,49.0
7655,15.0
7656,48.0
7657,0.0
7658,1.0
7659,28.0
7660,13.0
7661,3.0
7662,15.0
7663,25.0
7664,9.0
7665,18.0
7666,1.0
7667,19.0
7668,8.0
7669,28.0
7670,19.0
7671,11.0
7672,31.0
7673,1.0
7674,34.0
7675,12.0
7676,0.0
7677,17.0
7678,2.0
7679,6.0
7680,2.0
7681,45.0
7682,9.0
7683,43.0
7684,31.0
7685,14.0
7686,1.0
7687,16.0
7688,0.0
7689,0.0
7690,10.0
7691,24.0
7692,3.0
7693,5.0
7694,12.0
7695,2.0
7696,1.0
7697,2.0
7698,2.0
7699,1.0
7700,1.0
7701,30.0
7702,1.0
7703,3.0
7704,2.0
7705,29.0
7706,1.0
7707,0.0
7708,13.0
7709,0.0
7710,2.0
7711,9.0
7712,36.0
7713,39.0
7714,1.0
7715,29.0
7716,10.0
7717,23.0
7718,6.0
7719,5.0
7720,38.0
7721,0.0
7722,8.0
7723,16.0
7724,11.0
7725,1.0
7726,4.0
7727,5.0
7728,0.0
7729,1.0
7730,10.0
7731,2.0
7732,6.0
7733,23.0
7734,1.0
7735,3.0
7736,35.0
7737,1.0
7738,1.0
7739,7.0
7740,28.0
7741,3.0
7742,1.0
7743,19.0
7744,30.0
7745,5.0
7746,0.0
7747,8.0
7748,0.0
7749,1.0
7750,16.0
7751,26.0
7752,27.0
7753,4.0
7754,21.0
7755,9.0
7756,1.0
7757,1.0
7758,20.0
7759,1.0
7760,2.0
7761,1.0
7762,1.0
7763,5.0
7764,3.0
7765,5.0
7766,4.0
7767,1.0
7768,4.0
7769,27.0
7770,13.0
7771,11.0
7772,0.0
7773,7.0
7774,1.0
7775,20.0
7776,0.0
7777,2.0
7778,2.0
7779,22.0
7780,42.0
7781,1.0
7782,1.0
7783,7.0
7784,0.0
7785,0.0
7786,40.0
7787,4.0
7788,20.0
7789,0.0
7790,2.0
7791,0.0
7792,29.0
7793,2.0
7794,35.0
7795,2.0
7796,29.0
7797,19.0
7798,0.0
7799,8.0
7800,1.0
7801,26.0
7802,0.0
7803,0.0
7804,22.0
7805,0.0
7806,1.0
7807,10.0
7808,0.0
7809,8.0
7810,1.0
7811,0.0
7812,1.0
7813,28.0
7814,2.0
7815,2.0
7816,4.0
7817,4.0
7818,1.0
7819,23.0
7820,16.0
7821,26.0
7822,7.0
7823,14.0
7824,6.0
7825,2.0
7826,0.0
7827,0.0
7828,6.0
7829,20.0
7830,2.0
7831,29.0
7832,4.0
7833,1.0
7834,2.0
7835,10.0
7836,24.0
7837,28.0
7838,32.0
7839,18.0
7840,1.0
7841,9.0
7842,22.0
7843,37.0
7844,1.0
7845,10.0
7846,29.0
7847,10.0
7848,4.0
7849,5.0
7850,2.0
7851,2.0
7852,8.0
7853,3.0
7854,1.0
7855,18.0
7856,23.0
7857,33.0
7858,2.0
7859,15.0
7860,43.0
7861,2.0
7862,13.0
7863,3.0
7864,9.0
7865,11.0
7866,6.0
7867,33.0
7868,2.0
7869,18.0
7870,2.0
7871,1.0
7872,9.0
7873,9.0
7874,1.0
7875,7.0
7876,8.0
7877,1.0
7878,5.0
7879,0.0
7880,22.0
7881,5.0
7882,29.0
7883,18.0
7884,17.0
7885,2.0
7886,5.0
7887,10.0
7888,0.0
7889,11.0
7890,18.0
7891,2.0
7892,0.0
7893,23.0
7894,2.0
7895,11.0
7896,1.0
7897,6.0
7898,16.0
7899,4.0
7900,27.0
7901,32.0
7902,6.0
7903,0.0
7904,8.0
7905,36.0
7906,0.0
7907,34.0
7908,27.0
7909,4.0
7910,6.0
7911,0.0
7912,5.0
7913,1.0
7914,11.0
7915,1.0
7916,0.0
7917,12.0
7918,0.0
7919,8.0
7920,2.0
7921,0.0
7922,33.0
7923,1.0
7924,2.0
7925,0.0
7926,0.0
7927,6.0
7928,12.0
7929,2.0
7930,0.0
7931,1.0
7932,20.0
7933,7.0
7934,2.0
7935,12.0
7936,2.0
7937,2.0
7938,2.0
7939,12.0
7940,8.0
7941,5.0
7942,20.0
7943,23.0
7944,6.0
7945,1.0
7946,7.0
7947,2.0
7948,0.0
7949,24.0
7950,5.0
7951,2.0
7952,14.0
7953,0.0
7954,5.0
7955,48.0
7956,2.0
7957,27.0
7958,1.0
7959,4.0
7960,15.0
7961,44.0
7962,1.0
7963,8.0
7964,40.0
7965,37.0
7966,2.0
7967,13.0
7968,2.0
7969,6.0
7970,1.0
7971,7.0
7972,34.0
7973,10.0
7974,2.0
7975,3.0
7976,10.0
7977,12.0
7978,19.0
7979,0.0
7980,3.0
7981,32.0
7982,26.0
7983,1.0
7984,10.0
7985,6.0
7986,14.0
7987,2.0
7988,35.0
7989,33.0
7990,2.0
7991,0.0
7992,1.0
7993,5.0
7994,5.0
7995,19.0
7996,49.0
7997,22.0
7998,3.0
7999,27.0
8000,2.0
8001,11.0
8002,0.0
8003,14.0
8004,6.0
8005,14.0
8006,0.0
8007,1.0
8008,21.0
8009,5.0
8010,0.0
8011,0.0
8012,0.0
8013,10.0
8014,1.0
8015,8.0
8016,25.0
8017,1.0
8018,24.0
8019,6.0
8020,1.0
8021,1.0
8022,1.0
8023,15.0
8024,23.0
8025,2.0
8026,6.0
8027,1.0
8028,3.0
8029,22.0
8030,2.0
8031,21.0
8032,0.0
8033,14.0
8034,1.0
8035,7.0
8036,1.0
8037,1.0
8038,22.0
8039,28.0
8040,3.0
8041,40.0
8042,1.0
8043,16.0
8044,17.0
8045,1.0
8046,1.0
8047,7.0
8048,1.0
8049,5.0
8050,2.0
8051,42.0
8052,3.0
8053,4.0
8054,8.0
8055,3.0
8056,45.0
8057,30.0
8058,22.0
8059,0.0
8060,1.0
8061,7.0
8062,3.0
8063,18.0
8064,12.0
8065,2.0
8066,2.0
8067,6.0
8068,2.0
8069,2.0
8070,7.0
8071,2.0
8072,11.0
8073,3.0
8074,0.0
8075,0.0
8076,1.0
8077,5.0
8078,4.0
8079,28.0
8080,2.0
8081,0.0
8082,36.0
8083,6.0
8084,3.0
8085,0.0
8086,6.0
8087,2.0
8088,7.0
8089,20.0
8090,1.0
8091,38.0
8092,25.0
8093,5.0
8094,0.0
8095,5.0
8096,2.0
8097,1.0
8098,3.0
8099,6.0
8100,4.0
8101,1.0
8102,0.0
8103,1.0
8104,2.0
8105,14.0
8106,21.0
8107,23.0
8108,18.0
8109,10.0
8110,3.0
8111,13.0
8112,9.0
8113,1.0
8114,31.0
8115,1.0
8116,24.0
8117,1.0
8118,1.0
8119,1.0
8120,9.0
8121,29.0
8122,8.0
8123,27.0
8124,1.0
8125,1.0
8126,1.0
8127,1.0
8128,2.0
8129,3.0
8130,2.0
8131,33.0
8132,0.0
8133,25.0
8134,1.0
8135,35.0
8136,17.0
8137,5.0
8138,0.0
8139,35.0
8140,1.0
8141,14.0
8142,2.0
8143,1.0
8144,2.0
8145,0.0
8146,2.0
8147,1.0
8148,1.0
8149,0.0
8150,48.0
8151,3.0
8152,33.0
8153,0.0
8154,7.0
8155,16.0
8156,4.0
8157,13.0
8158,9.0
8159,1.0
8160,19.0
8161,14.0
8162,8.0
8163,1.0
8164,24.0
8165,20.0
8166,1.0
8167,45.0
8168,47.0
8169,15.0
8170,4.0
8171,0.0
8172,2.0
8173,7.0
8174,1.0
8175,9.0
8176,5.0
8177,3.0
8178,1.0
8179,15.0
8180,32.0
8181,15.0
8182,3.0
8183,0.0
8184,5.0
8185,4.0
8186,4.0
8187,14.0
8188,0.0
8189,4.0
8190,3.0
8191,14.0
8192,2.0
8193,4.0
8194,17.0
8195,45.0
8196,8.0
8197,11.0
8198,21.0
8199,0.0
8200,5.0
8201,1.0
8202,17.0
8203,7.0
8204,26.0
8205,17.0
8206,20.0
8207,2.0
8208,5.0
8209,0.0
8210,2.0
8211,2.0
8212,14.0
8213,19.0
8214,9.0
8215,45.0
8216,26.0
8217,2.0
8218,2.0
8219,3.0
8220,2.0
8221,2.0
8222,0.0
8223,1.0
8224,0.0
8225,5.0
8226,0.0
8227,28.0
8228,36.0
8229,0.0
8230,43.0
8231,3.0
8232,31.0
8233,0.0
8234,0.0
8235,30.0
8236,23.0
8237,21.0
8238,16.0
8239,42.0
8240,1.0
8241,7.0
8242,20.0
8243,6.0
8244,31.0
8245,7.0
8246,2.0
8247,0.0
8248,3.0
8249,22.0
8250,5.0
8251,1.0
8252,2.0
8253,3.0
8254,34.0
8255,27.0
8256,19.0
8257,2.0
8258,8.0
8259,0.0
8260,4.0
8261,3.0
8262,2.0
8263,32.0
8264,2.0
8265,5.0
8266,0.0
8267,23.0
8268,1.0
8269,12.0
8270,30.0
8271,26.0
8272,8.0
8273,18.0
8274,11.0
8275,1.0
8276,11.0
8277,2.0
8278,2.0
8279,1.0
8280,22.0
8281,40.0
8282,1.0
8283,10.0
8284,42.0
8285,21.0
8286,45.0
8287,13.0
8288,30.0
8289,2.0
8290,29.0
8291,0.0
8292,30.0
8293,4.0
8294,10.0
8295,1.0
8296,0.0
8297,5.0
8298,1.0
8299,9.0
8300,2.0
8301,1.0
8302,28.0
8303,0.0
8304,5.0
8305,3.0
8306,1.0
8307,32.0
8308,14.0
8309,1.0
8310,24.0
8311,22.0
8312,2.0
8313,0.0
8314,1.0
8315,0.0
8316,1.0
8317,37.0
8318,11.0
8319,6.0
8320,39.0
8321,0.0
8322,35.0
8323,44.0
8324,0.0
8325,46.0
8326,4.0
8327,12.0
8328,19.0
8329,2.0
8330,0.0
8331,5.0
8332,0.0
8333,0.0
8334,1.0
8335,3.0
8336,10.0
8337,39.0
8338,15.0
8339,4.0
8340,7.0
8341,12.0
8342,2.0
8343,3.0
8344,5.0
8345,0.0
8346,31.0
8347,1.0
8348,4.0
8349,2.0
8350,1.0
8351,9.0
8352,13.0
8353,12.0
8354,1.0
8355,8.0
8356,36.0
8357,1.0
8358,7.0
8359,21.0
8360,3.0
8361,15.0
8362,0.0
8363,40.0
8364,3.0
8365,18.0
8366,7.0
8367,30.0
8368,2.0
8369,19.0
8370,21.0
8371,8.0
8372,14.0
8373,17.0
8374,13.0
8375,22.0
8376,24.0
8377,1.0
8378,26.0
8379,38.0
8380,0.0
8381,0.0
8382,33.0
8383,0.0
8384,12.0
8385,8.0
8386,5.0
8387,0.0
8388,2.0
8389,6.0
8390,0.0
8391,11.0
8392,12.0
8393,2.0
8394,23.0
8395,1.0
8396,36.0
8397,3.0
8398,11.0
8399,0.0
8400,3.0
8401,41.0
8402,2.0
8403,27.0
8404,1.0
8405,0.0
8406,0.0
8407,13.0
8408,1.0
8409,22.0
8410,10.0
8411,5.0
8412,1.0
8413,0.0
8414,1.0
8415,32.0
8416,5.0
8417,10.0
8418,18.0
8419,3.0
8420,1.0
8421,1.0
8422,23.0
8423,25.0
8424,1.0
8425,33.0
8426,4.0
8427,2.0
8428,3.0
8429,8.0
8430,0.0
8431,5.0
8432,17.0
8433,25.0
8434,2.0
8435,8.0
8436,8.0
8437,32.0
8438,0.0
8439,0.0
8440,8.0
8441,0.0
8442,0.0
8443,30.0
8444,0.0
8445,19.0
8446,4.0
8447,2.0
8448,37.0
8449,16.0
8450,26.0
8451,41.0
8452,2.0
8453,0.0
8454,0.0
8455,36.0
8456,11.0
8457,4.0
8458,3.0
8459,1.0
8460,2.0
8461,10.0
8462,7.0
8463,33.0
8464,18.0
8465,0.0
8466,7.0
8467,8.0
8468,4.0
8469,17.0
8470,4.0
8471,1.0
8472,5.0
8473,33.0
8474,2.0
8475,9.0
8476,3.0
8477,5.0
8478,1.0
8479,10.0
8480,0.0
8481,26.0
8482,33.0
8483,5.0
8484,1.0
8485,2.0
8486,1.0
8487,2.0
8488,22.0
8489,1.0
8490,0.0
8491,1.0
8492,4.0
8493,1.0
8494,39.0
8495,1.0
8496,13.0
8497,23.0
8498,0.0
8499,1.0
8500,3.0
8501,26.0
8502,39.0
8503,21.0
8504,2.0
8505,12.0
8506,5.0
8507,5.0
8508,28.0
8509,1.0
8510,7.0
8511,3.0
8512,3.0
8513,2.0
8514,1.0
8515,3.0
8516,1.0
8517,7.0
8518,2.0
8519,1.0
8520,1.0
8521,34.0
8522,7.0
8523,1.0
8524,1.0
8525,24.0
8526,21.0
8527,3.0
8528,1.0
8529,29.0
8530,22.0
8531,2.0
8532,30.0
8533,3.0
8534,39.0
8535,4.0
8536,38.0
8537,6.0
8538,3.0
8539,14.0
8540,2.0
8541,0.0
8542,0.0
8543,1.0
8544,0.0
8545,0.0
8546,1.0
8547,2.0
8548,3.0
8549,44.0
8550,0.0
8551,23.0
8552,20.0
8553,5.0
8554,4.0
8555,1.0
8556,7.0
8557,9.0
8558,8.0
8559,0.0
8560,6.0
8561,28.0
8562,0.0
8563,2.0
8564,6.0
8565,20.0
8566,0.0
8567,6.0
8568,2.0
8569,0.0
8570,5.0
8571,45.0
8572,0.0
8573,9.0
8574,26.0
8575,5.0
8576,10.0
8577,2.0
8578,35.0
8579,9.0
8580,4.0
8581,27.0
8582,4.0
8583,12.0
8584,15.0
8585,42.0
8586,1.0
8587,13.0
8588,13.0
8589,1.0
8590,21.0
8591,1.0
8592,1.0
8593,3.0
8594,0.0
8595,48.0
8596,2.0
8597,0.0
8598,30.0
8599,9.0
8600,0.0
8601,1.0
8602,3.0
8603,0.0
8604,2.0
8605,1.0
8606,1.0
8607,35.0
8608,4.0
8609,5.0
8610,0.0
8611,18.0
8612,6.0
8613,23.0
8614,3.0
8615,3.0
8616,3.0
8617,8.0
8618,0.0
8619,1.0
8620,12.0
8621,1.0
8622,4.0
8623,30.0
8624,1.0
8625,0.0
8626,20.0
8627,2.0
8628,48.0
8629,2.0
8630,6.0
8631,0.0
8632,6.0
8633,1.0
8634,5.0
8635,1.0
8636,9.0
8637,9.0
8638,8.0
8639,34.0
8640,0.0
8641,30.0
8642,3.0
8643,0.0
8644,0.0
8645,4.0
8646,36.0
8647,1.0
8648,0.0
8649,5.0
8650,22.0
8651,0.0
8652,6.0
8653,4.0
8654,13.0
8655,18.0
8656,0.0
8657,2.0
8658,13.0
8659,13.0
8660,6.0
8661,43.0
8662,16.0
8663,4.0
8664,7.0
8665,4.0
8666,31.0
8667,0.0
8668,0.0
8669,20.0
8670,45.0
8671,1.0
8672,2.0
8673,14.0
8674,12.0
8675,12.0
8676,3.0
8677,45.0
8678,11.0
8679,27.0
8680,1.0
8681,0.0
8682,39.0
8683,3.0
8684,24.0
8685,10.0
8686,1.0
8687,33.0
8688,23.0
8689,16.0
8690,12.0
8691,0.0
8692,14.0
8693,2.0
8694,32.0
8695,0.0
8696,37.0
8697,3.0
8698,3.0
8699,5.0
8700,0.0
8701,5.0
8702,0.0
8703,1.0
8704,45.0
8705,23.0
8706,22.0
8707,10.0
8708,14.0
8709,13.0
8710,1.0
8711,2.0
8712,0.0
8713,4.0
8714,0.0
8715,13.0
8716,5.0
8717,7.0
8718,49.0
8719,1.0
8720,6.0
8721,0.0
8722,11.0
8723,6.0
8724,42.0
8725,0.0
8726,11.0
8727,1.0
8728,2.0
8729,12.0
8730,2.0
8731,3.0
8732,2.0
8733,2.0
8734,1.0
8735,46.0
8736,38.0
8737,38.0
8738,3.0
8739,3.0
8740,46.0
8741,48.0
8742,4.0
8743,3.0
8744,1.0
8745,1.0
8746,0.0
8747,0.0
8748,2.0
8749,22.0
8750,19.0
8751,1.0
8752,11.0
8753,12.0
8754,0.0
8755,13.0
8756,1.0
8757,2.0
8758,17.0
8759,1.0
8760,1.0
8761,0.0
8762,7.0
8763,4.0
8764,0.0
8765,14.0
8766,7.0
8767,5.0
8768,5.0
8769,11.0
8770,38.0
8771,0.0
8772,33.0
8773,14.0
8774,15.0
8775,32.0
8776,1.0
8777,3.0
8778,46.0
8779,1.0
8780,2.0
8781,2.0
8782,2.0
8783,0.0
8784,4.0
8785,0.0
8786,9.0
8787,2.0
8788,39.0
8789,1.0
8790,27.0
8791,24.0
8792,28.0
8793,0.0
8794,2.0
8795,2.0
8796,16.0
8797,15.0
8798,11.0
8799,2.0
8800,0.0
8801,24.0
8802,18.0
8803,27.0
8804,0.0
8805,15.0
8806,4.0
8807,45.0
8808,12.0
8809,2.0
8810,15.0
8811,9.0
8812,1.0
8813,2.0
8814,15.0
8815,2.0
8816,2.0
8817,21.0
8818,38.0
8819,2.0
8820,38.0
8821,1.0
8822,1.0
8823,3.0
8824,3.0
8825,2.0
8826,25.0
8827,1.0
8828,25.0
8829,46.0
8830,8.0
8831,1.0
8832,2.0
8833,0.0
8834,22.0
8835,15.0
8836,0.0
8837,19.0
8838,12.0
8839,35.0
8840,9.0
8841,6.0
8842,6.0
8843,1.0
8844,0.0
8845,18.0
8846,35.0
8847,4.0
8848,0.0
8849,1.0
8850,20.0
8851,7.0
8852,0.0
8853,39.0
8854,27.0
8855,45.0
8856,2.0
8857,15.0
8858,38.0
8859,1.0
8860,0.0
8861,9.0
8862,42.0
8863,2.0
8864,0.0
8865,21.0
8866,0.0
8867,1.0
8868,1.0
8869,18.0
8870,1.0
8871,37.0
8872,1.0
8873,5.0
8874,8.0
8875,11.0
8876,1.0
8877,42.0
8878,2.0
8879,5.0
8880,28.0
8881,5.0
8882,5.0
8883,23.0
8884,9.0
8885,39.0
8886,37.0
8887,0.0
8888,4.0
8889,2.0
8890,2.0
8891,0.0
8892,0.0
8893,25.0
8894,38.0
8895,1.0
8896,0.0
8897,0.0
8898,3.0
8899,5.0
8900,3.0
8901,13.0
8902,0.0
8903,0.0
8904,0.0
8905,1.0
8906,2.0
8907,0.0
8908,5.0
8909,5.0
8910,18.0
8911,2.0
8912,1.0
8913,5.0
8914,1.0
8915,0.0
8916,19.0
8917,0.0
8918,0.0
8919,1.0
8920,27.0
8921,5.0
8922,14.0
8923,35.0
8924,1.0
8925,1.0
8926,2.0
8927,1.0
8928,23.0
8929,1.0
8930,5.0
8931,0.0
8932,13.0
8933,0.0
8934,0.0
8935,1.0
8936,18.0
8937,0.0
8938,30.0
8939,2.0
8940,15.0
8941,0.0
8942,3.0
8943,0.0
8944,15.0
8945,2.0
8946,8.0
8947,10.0
8948,0.0
8949,2.0
8950,28.0
8951,1.0
8952,4.0
8953,38.0
8954,8.0
8955,42.0
8956,3.0
8957,30.0
8958,8.0
8959,26.0
8960,2.0
8961,1.0
8962,3.0
8963,3.0
8964,4.0
8965,0.0
8966,1.0
8967,33.0
8968,21.0
8969,20.0
8970,45.0
8971,1.0
8972,0.0
8973,0.0
8974,1.0
8975,15.0
8976,37.0
8977,3.0
8978,1.0
8979,1.0
8980,0.0
8981,3.0
8982,1.0
8983,3.0
8984,11.0
8985,15.0
8986,12.0
8987,4.0
8988,1.0
8989,26.0
8990,1.0
8991,3.0
8992,0.0
8993,45.0
8994,0.0
8995,0.0
8996,25.0
8997,5.0
8998,29.0
8999,36.0
9000,0.0
9001,46.0
9002,1.0
9003,2.0
9004,35.0
9005,4.0
9006,13.0
9007,10.0
9008,2.0
9009,5.0
9010,0.0
9011,4.0
9012,4.0
9013,2.0
9014,17.0
9015,13.0
9016,1.0
9017,0.0
9018,0.0
9019,18.0
9020,14.0
9021,13.0
9022,11.0
9023,5.0
9024,1.0
9025,1.0
9026,41.0
9027,11.0
9028,27.0
9029,16.0
9030,22.0
9031,39.0
9032,2.0
9033,0.0
9034,11.0
9035,5.0
9036,7.0
9037,18.0
9038,0.0
9039,6.0
9040,3.0
9041,3.0
9042,1.0
9043,38.0
9044,11.0
9045,1.0
9046,27.0
9047,0.0
9048,8.0
9049,0.0
9050,4.0
9051,2.0
9052,33.0
9053,31.0
9054,9.0
9055,0.0
9056,4.0
9057,0.0
9058,1.0
9059,3.0
9060,5.0
9061,0.0
9062,1.0
9063,10.0
9064,42.0
9065,1.0
9066,5.0
9067,1.0
9068,11.0
9069,2.0
9070,5.0
9071,22.0
9072,1.0
9073,0.0
9074,46.0
9075,8.0
9076,43.0
9077,0.0
9078,13.0
9079,6.0
9080,1.0
9081,1.0
9082,45.0
9083,19.0
9084,2.0
9085,0.0
9086,44.0
9087,2.0
9088,11.0
9089,32.0
9090,3.0
9091,1.0
9092,5.0
9093,8.0
9094,31.0
9095,9.0
9096,0.0
9097,26.0
9098,2.0
9099,3.0
9100,2.0
9101,17.0
9102,9.0
9103,0.0
9104,15.0
9105,13.0
9106,11.0
9107,44.0
9108,0.0
9109,14.0
9110,7.0
9111,10.0
9112,24.0
9113,5.0
9114,16.0
9115,29.0
9116,11.0
9117,2.0
9118,23.0
9119,1.0
9120,21.0
9121,1.0
9122,9.0
9123,4.0
9124,0.0
9125,31.0
9126,10.0
9127,20.0
9128,28.0
9129,1.0
9130,1.0
9131,12.0
9132,2.0
9133,1.0
9134,1.0
9135,20.0
9136,0.0
9137,29.0
9138,35.0
9139,31.0
9140,13.0
9141,24.0
9142,9.0
9143,2.0
9144,6.0
9145,1.0
9146,22.0
9147,1.0
9148,2.0
9149,13.0
9150,6.0
9151,5.0
9152,18.0
9153,4.0
9154,1.0
9155,38.0
9156,43.0
9157,44.0
9158,4.0
9159,11.0
9160,38.0
9161,40.0
9162,1.0
9163,38.0
9164,1.0
9165,3.0
9166,2.0
9167,1.0
9168,0.0
9169,5.0
9170,36.0
9171,17.0
9172,8.0
9173,13.0
9174,8.0
9175,12.0
9176,4.0
9177,0.0
9178,12.0
9179,5.0
9180,1.0
9181,0.0
9182,3.0
9183,0.0
9184,9.0
9185,1.0
9186,15.0
9187,6.0
9188,32.0
9189,2.0
9190,3.0
9191,3.0
9192,0.0
9193,27.0
9194,7.0
9195,1.0
9196,10.0
9197,24.0
9198,41.0
9199,9.0
9200,3.0
9201,8.0
9202,37.0
9203,3.0
9204,0.0
9205,25.0
9206,4.0
9207,16.0
9208,21.0
9209,4.0
9210,4.0
9211,29.0
9212,19.0
9213,1.0
9214,20.0
9215,1.0
9216,2.0
9217,20.0
9218,1.0
9219,1.0
9220,18.0
9221,12.0
9222,1.0
9223,3.0
9224,0.0
9225,1.0
9226,0.0
9227,2.0
9228,20.0
9229,15.0
9230,33.0
9231,10.0
9232,46.0
9233,2.0
9234,2.0
9235,0.0
9236,0.0
9237,0.0
9238,14.0
9239,11.0
9240,20.0
9241,11.0
9242,33.0
9243,4.0
9244,28.0
9245,3.0
9246,5.0
9247,29.0
9248,1.0
9249,5.0
9250,25.0
9251,11.0
9252,3.0
9253,21.0
9254,10.0
9255,0.0
9256,12.0
9257,1.0
9258,43.0
9259,7.0
9260,31.0
9261,10.0
9262,0.0
9263,6.0
9264,18.0
9265,9.0
9266,0.0
9267,22.0
9268,0.0
9269,1.0
9270,3.0
9271,0.0
9272,19.0
9273,0.0
9274,28.0
9275,18.0
9276,2.0
9277,9.0
9278,1.0
9279,0.0
9280,2.0
9281,1.0
9282,25.0
9283,6.0
9284,1.0
9285,29.0
9286,7.0
9287,47.0
9288,2.0
9289,0.0
9290,2.0
9291,0.0
9292,2.0
9293,19.0
9294,0.0
9295,37.0
9296,1.0
9297,5.0
9298,2.0
9299,1.0
9300,3.0
9301,11.0
9302,3.0
9303,10.0
9304,0.0
9305,0.0
9306,2.0
9307,14.0
9308,13.0
9309,2.0
9310,21.0
9311,0.0
9312,1.0
9313,14.0
9314,2.0
9315,1.0
9316,5.0
9317,2.0
9318,2.0
9319,0.0
9320,39.0
9321,0.0
9322,2.0
9323,1.0
9324,16.0
9325,0.0
9326,0.0
9327,0.0
9328,1.0
9329,17.0
9330,36.0
9331,3.0
9332,0.0
9333,2.0
9334,1.0
9335,12.0
9336,41.0
9337,7.0
9338,8.0
9339,38.0
9340,11.0
9341,14.0
9342,0.0
9343,2.0
9344,3.0
9345,14.0
9346,13.0
9347,2.0
9348,15.0
9349,28.0
9350,26.0
9351,29.0
9352,2.0
9353,5.0
9354,12.0
9355,1.0
9356,12.0
9357,1.0
9358,1.0
9359,15.0
9360,2.0
9361,1.0
9362,23.0
9363,1.0
9364,2.0
9365,29.0
9366,2.0
9367,2.0
9368,13.0
9369,4.0
9370,1.0
9371,0.0
9372,33.0
9373,16.0
9374,5.0
9375,2.0
9376,28.0
9377,1.0
9378,34.0
9379,17.0
9380,11.0
9381,3.0
9382,12.0
9383,2.0
9384,35.0
9385,4.0
9386,8.0
9387,7.0
9388,2.0
9389,36.0
9390,30.0
9391,0.0
9392,1.0
9393,9.0
9394,41.0
9395,2.0
9396,2.0
9397,23.0
9398,2.0
9399,1.0
9400,2.0
9401,2.0
9402,0.0
9403,6.0
9404,30.0
9405,33.0
9406,11.0
9407,34.0
9408,3.0
9409,4.0
9410,1.0
9411,5.0
9412,5.0
9413,3.0
9414,4.0
9415,20.0
9416,2.0
9417,0.0
9418,4.0
9419,2.0
9420,33.0
9421,2.0
9422,14.0
9423,3.0
9424,13.0
9425,2.0
9426,3.0
9427,1.0
9428,15.0
9429,9.0
9430,35.0
9431,49.0
9432,0.0
9433,1.0
9434,15.0
9435,0.0
9436,1.0
9437,3.0
9438,2.0
9439,26.0
9440,12.0
9441,3.0
9442,9.0
9443,4.0
9444,7.0
9445,3.0
9446,48.0
9447,4.0
9448,9.0
9449,0.0
9450,0.0
9451,2.0
9452,14.0
9453,3.0
9454,13.0
9455,5.0
9456,9.0
9457,32.0
9458,24.0
9459,3.0
9460,5.0
9461,2.0
9462,9.0
9463,40.0
9464,8.0
9465,0.0
9466,36.0
9467,1.0
9468,19.0
9469,1.0
9470,1.0
9471,4.0
9472,0.0
9473,20.0
9474,1.0
9475,0.0
9476,2.0
9477,11.0
9478,6.0
9479,3.0
9480,6.0
9481,3.0
9482,5.0
9483,2.0
9484,8.0
9485,9.0
9486,2.0
9487,0.0
9488,14.0
9489,12.0
9490,0.0
9491,1.0
9492,6.0
9493,5.0
9494,17.0
9495,0.0
9496,13.0
9497,12.0
9498,5.0
9499,23.0
9500,23.0
9501,0.0
9502,0.0
9503,3.0
9504,0.0
9505,20.0
9506,23.0
9507,0.0
9508,22.0
9509,0.0
9510,3.0
9511,14.0
9512,25.0
9513,35.0
9514,24.0
9515,0.0
9516,7.0
9517,21.0
9518,3.0
9519,15.0
9520,2.0
9521,25.0
9522,5.0
9523,6.0
9524,0.0
9525,11.0
9526,2.0
9527,39.0
9528,11.0
9529,0.0
9530,6.0
9531,25.0
9532,1.0
9533,0.0
9534,37.0
9535,23.0
9536,2.0
9537,21.0
9538,19.0
9539,1.0
9540,5.0
9541,5.0
9542,0.0
9543,12.0
9544,4.0
9545,0.0
9546,12.0
9547,43.0
9548,5.0
9549,5.0
9550,48.0
9551,22.0
9552,2.0
9553,5.0
9554,2.0
9555,1.0
9556,10.0
9557,1.0
9558,3.0
9559,22.0
9560,26.0
9561,6.0
9562,27.0
9563,12.0
9564,2.0
9565,14.0
9566,0.0
9567,21.0
9568,38.0
9569,7.0
9570,1.0
9571,0.0
9572,0.0
9573,0.0
9574,2.0
9575,28.0
9576,1.0
9577,16.0
9578,1.0
9579,2.0
9580,15.0
9581,9.0
9582,19.0
9583,1.0
9584,24.0
9585,3.0
9586,1.0
9587,2.0
9588,0.0
9589,2.0
9590,2.0
9591,0.0
9592,8.0
9593,2.0
9594,0.0
9595,0.0
9596,0.0
9597,3.0
9598,1.0
9599,2.0
9600,25.0
9601,2.0
9602,10.0
9603,13.0
9604,4.0
9605,1.0
9606,38.0
9607,0.0
9608,39.0
9609,0.0
9610,0.0
9611,28.0
9612,37.0
9613,6.0
9614,8.0
9615,45.0
9616,1.0
9617,1.0
9618,8.0
9619,1.0
9620,0.0
9621,1.0
9622,4.0
9623,15.0
9624,8.0
9625,29.0
9626,5.0
9627,0.0
9628,4.0
9629,26.0
9630,2.0
9631,2.0
9632,1.0
9633,1.0
9634,34.0
9635,15.0
9636,1.0
9637,1.0
9638,0.0
9639,0.0
9640,16.0
9641,37.0
9642,17.0
9643,2.0
9644,24.0
9645,6.0
9646,40.0
9647,7.0
9648,1.0
9649,3.0
9650,11.0
9651,0.0
9652,7.0
9653,28.0
9654,1.0
9655,2.0
9656,0.0
9657,8.0
9658,0.0
9659,1.0
9660,0.0
9661,2.0
9662,0.0
9663,15.0
9664,0.0
9665,34.0
9666,4.0
9667,0.0
9668,1.0
9669,27.0
9670,0.0
9671,12.0
9672,4.0
9673,2.0
9674,40.0
9675,3.0
9676,16.0
9677,15.0
9678,1.0
9679,0.0
9680,36.0
9681,1.0
9682,20.0
9683,4.0
9684,0.0
9685,8.0
9686,1.0
9687,3.0
9688,2.0
9689,35.0
9690,0.0
9691,1.0
9692,3.0
9693,19.0
9694,4.0
9695,9.0
9696,9.0
9697,7.0
9698,42.0
9699,13.0
9700,0.0
9701,0.0
9702,27.0
9703,1.0
9704,32.0
9705,15.0
9706,45.0
9707,0.0
9708,0.0
9709,1.0
9710,3.0
9711,17.0
9712,0.0
9713,1.0
9714,3.0
9715,11.0
9716,2.0
9717,12.0
9718,21.0
9719,10.0
9720,5.0
9721,0.0
9722,8.0
9723,3.0
9724,0.0
9725,0.0
9726,21.0
9727,0.0
9728,20.0
9729,4.0
9730,4.0
9731,25.0
9732,11.0
9733,45.0
9734,6.0
9735,3.0
9736,7.0
9737,11.0
9738,2.0
9739,2.0
9740,2.0
9741,7.0
9742,9.0
9743,0.0
9744,12.0
9745,0.0
9746,30.0
9747,0.0
9748,8.0
9749,2.0
9750,1.0
9751,12.0
9752,3.0
9753,14.0
9754,45.0
9755,14.0
9756,6.0
9757,31.0
9758,0.0
9759,23.0
9760,1.0
9761,0.0
9762,27.0
9763,4.0
9764,1.0
9765,0.0
9766,0.0
9767,44.0
9768,47.0
9769,0.0
9770,23.0
9771,0.0
9772,0.0
9773,29.0
9774,4.0
9775,48.0
9776,43.0
9777,6.0
9778,0.0
9779,0.0
9780,1.0
9781,0.0
9782,27.0
9783,13.0
9784,0.0
9785,3.0
9786,13.0
9787,1.0
9788,1.0
9789,3.0
9790,11.0
9791,1.0
9792,0.0
9793,0.0
9794,0.0
9795,0.0
9796,1.0
9797,3.0
9798,1.0
9799,2.0
9800,4.0
9801,24.0
9802,0.0
9803,9.0
9804,3.0
9805,30.0
9806,0.0
9807,8.0
9808,2.0
9809,4.0
9810,16.0
9811,38.0
9812,1.0
9813,2.0
9814,1.0
9815,0.0
9816,1.0
9817,3.0
9818,3.0
9819,1.0
9820,36.0
9821,18.0
9822,8.0
9823,0.0
9824,1.0
9825,23.0
9826,8.0
9827,5.0
9828,1.0
9829,7.0
9830,27.0
9831,15.0
9832,0.0
9833,0.0
9834,4.0
9835,17.0
9836,4.0
9837,2.0
9838,1.0
9839,1.0
9840,22.0
9841,4.0
9842,39.0
9843,12.0
9844,2.0
9845,35.0
9846,17.0
9847,47.0
9848,8.0
9849,10.0
9850,2.0
9851,36.0
9852,6.0
9853,9.0
9854,6.0
9855,21.0
9856,3.0
9857,30.0
9858,39.0
9859,2.0
9860,46.0
9861,4.0
9862,37.0
9863,16.0
9864,0.0
9865,31.0
9866,5.0
9867,21.0
9868,5.0
9869,45.0
9870,1.0
9871,0.0
9872,0.0
9873,39.0
9874,7.0
9875,6.0
9876,2.0
9877,9.0
9878,36.0
9879,2.0
9880,37.0
9881,9.0
9882,0.0
9883,3.0
9884,9.0
9885,24.0
9886,3.0
9887,1.0
9888,2.0
9889,1.0
9890,2.0
9891,1.0
9892,5.0
9893,0.0
9894,5.0
9895,9.0
9896,0.0
9897,3.0
9898,1.0
9899,6.0
9900,2.0
9901,3.0
9902,1.0
9903,1.0
9904,6.0
9905,2.0
9906,24.0
9907,2.0
9908,1.0
9909,21.0
9910,12.0
9911,35.0
9912,34.0
9913,24.0
9914,2.0
9915,5.0
9916,6.0
9917,0.0
9918,1.0
9919,45.0
9920,26.0
9921,5.0
9922,43.0
9923,9.0
9924,1.0
9925,1.0
9926,4.0
9927,0.0
9928,3.0
9929,2.0
9930,40.0
9931,4.0
9932,1.0
9933,18.0
9934,19.0
9935,4.0
9936,2.0
9937,3.0
9938,7.0
9939,10.0
9940,9.0
9941,25.0
9942,0.0
9943,12.0
9944,3.0
9945,0.0
9946,6.0
9947,1.0
9948,0.0
9949,2.0
9950,8.0
9951,10.0
9952,2.0
9953,4.0
9954,0.0
9955,0.0
9956,19.0
9957,0.0
9958,36.0
9959,20.0
9960,1.0
9961,8.0
9962,1.0
9963,19.0
9964,2.0
9965,42.0
9966,28.0
9967,1.0
9968,15.0
9969,1.0
9970,16.0
9971,11.0
9972,19.0
9973,34.0
9974,5.0
9975,2.0
9976,0.0
9977,2.0
9978,1.0
9979,0.0
9980,0.0
9981,6.0
9982,41.0
9983,2.0
9984,3.0
9985,20.0
9986,23.0
9987,30.0
9988,2.0
9989,0.0
9990,13.0
9991,0.0
9992,1.0
9993,37.0
9994,0.0
9995,1.0
9996,4.0
9997,15.0
9998,35.0
9999,30.0
